comparison,annotation_id,prompt_type,noise_level,trial,reference_iou,comparison_iou,difference
setup1_sam_vit_b_minus_mobile_sam,36588,point,0.0,0,0.7076784839078581,0.6997714078971171,-0.007907076010741032
setup1_sam_vit_b_minus_mobile_sam,36588,box,0.0,0,0.9579208718924322,0.9678236014699878,0.009902729577555558
setup2_box_minus_point,36588,point_vs_box,0.0,0,0.6997714078971171,0.9678236014699878,0.2680521935728707
setup1_sam_vit_b_minus_mobile_sam,37495,point,0.0,0,0.8738938053097345,0.8534985422740525,-0.020395263035681954
setup1_sam_vit_b_minus_mobile_sam,37495,box,0.0,0,0.8715867158671586,0.8557971014492753,-0.01578961441788329
setup2_box_minus_point,37495,point_vs_box,0.0,0,0.8534985422740525,0.8557971014492753,0.002298559175222814
setup1_sam_vit_b_minus_mobile_sam,48965,point,0.0,0,0.4628205216647466,0.4622940627914206,-0.0005264588733259745
setup1_sam_vit_b_minus_mobile_sam,48965,box,0.0,0,0.9038163930801968,0.5351377386926865,-0.36867865438751024
setup2_box_minus_point,48965,point_vs_box,0.0,0,0.4622940627914206,0.5351377386926865,0.07284367590126595
setup1_sam_vit_b_minus_mobile_sam,100384,point,0.0,0,0.13169359949302914,0.13249148919325468,0.0007978897002255403
setup1_sam_vit_b_minus_mobile_sam,100384,box,0.0,0,0.8904145270521694,0.4285491541280112,-0.4618653729241582
setup2_box_minus_point,100384,point_vs_box,0.0,0,0.13249148919325468,0.4285491541280112,0.2960576649347565
setup1_sam_vit_b_minus_mobile_sam,141868,point,0.0,0,0.39111747851002865,0.300148588410104,-0.09096889009992465
setup1_sam_vit_b_minus_mobile_sam,141868,box,0.0,0,0.3005181347150259,0.2940630797773655,-0.006455054937660409
setup2_box_minus_point,141868,point_vs_box,0.0,0,0.300148588410104,0.2940630797773655,-0.00608550863273849
setup1_sam_vit_b_minus_mobile_sam,144786,point,0.0,0,0.0071214279220582445,0.001893996787781448,-0.0052274311342767965
setup1_sam_vit_b_minus_mobile_sam,144786,box,0.0,0,0.8768312656488262,0.9236244961507225,0.04679323050189632
setup2_box_minus_point,144786,point_vs_box,0.0,0,0.001893996787781448,0.9236244961507225,0.921730499362941
setup1_sam_vit_b_minus_mobile_sam,170892,point,0.0,0,0.7414662214730291,0.24514870794734275,-0.4963175135256863
setup1_sam_vit_b_minus_mobile_sam,170892,box,0.0,0,0.8733027930103281,0.9031657060404493,0.02986291303012123
setup2_box_minus_point,170892,point_vs_box,0.0,0,0.24514870794734275,0.9031657060404493,0.6580169980931065
setup1_sam_vit_b_minus_mobile_sam,173475,point,0.0,0,0.007293745269386913,0.0071733296635243925,-0.00012041560586252033
setup1_sam_vit_b_minus_mobile_sam,173475,box,0.0,0,0.8282611326234269,0.8833832571338484,0.05512212451042142
setup2_box_minus_point,173475,point_vs_box,0.0,0,0.0071733296635243925,0.8833832571338484,0.876209927470324
setup1_sam_vit_b_minus_mobile_sam,174678,point,0.0,0,0.7681606197138566,0.004840062569427127,-0.7633205571444295
setup1_sam_vit_b_minus_mobile_sam,174678,box,0.0,0,0.934826929539599,0.9184226267733598,-0.016404302766239165
setup2_box_minus_point,174678,point_vs_box,0.0,0,0.004840062569427127,0.9184226267733598,0.9135825642039327
setup1_sam_vit_b_minus_mobile_sam,206430,point,0.0,0,0.171789670775472,0.18532455315145813,0.01353488237598613
setup1_sam_vit_b_minus_mobile_sam,206430,box,0.0,0,0.7752394988946205,0.8457963667089142,0.07055686781429371
setup2_box_minus_point,206430,point_vs_box,0.0,0,0.18532455315145813,0.8457963667089142,0.6604718135574561
setup1_sam_vit_b_minus_mobile_sam,332298,point,0.0,0,0.874610255672279,0.7072427608377516,-0.1673674948345274
setup1_sam_vit_b_minus_mobile_sam,332298,box,0.0,0,0.9696890576786138,0.8944112661777053,-0.07527779150090852
setup2_box_minus_point,332298,point_vs_box,0.0,0,0.7072427608377516,0.8944112661777053,0.18716850533995366
setup1_sam_vit_b_minus_mobile_sam,339546,point,0.0,0,0.037565059968318625,0.6128109178956637,0.5752458579273451
setup1_sam_vit_b_minus_mobile_sam,339546,box,0.0,0,0.9537057645225907,0.949780701754386,-0.003925062768204701
setup2_box_minus_point,339546,point_vs_box,0.0,0,0.6128109178956637,0.949780701754386,0.33696978385872234
setup1_sam_vit_b_minus_mobile_sam,341957,point,0.0,0,0.12773569023569023,0.06900189913483858,-0.058733791100851654
setup1_sam_vit_b_minus_mobile_sam,341957,box,0.0,0,0.8213727023856081,0.7946567862714509,-0.026715916114157245
setup2_box_minus_point,341957,point_vs_box,0.0,0,0.06900189913483858,0.7946567862714509,0.7256548871366123
setup1_sam_vit_b_minus_mobile_sam,451372,point,0.0,0,0.6243768693918246,0.5191681282886494,-0.10520874110317513
setup1_sam_vit_b_minus_mobile_sam,451372,box,0.0,0,0.9259259259259259,0.928923988153998,0.0029980622280720848
setup2_box_minus_point,451372,point_vs_box,0.0,0,0.5191681282886494,0.928923988153998,0.40975585986534857
setup1_sam_vit_b_minus_mobile_sam,474954,point,0.0,0,0.00855506143061732,0.008762342654707168,0.0002072812240898475
setup1_sam_vit_b_minus_mobile_sam,474954,box,0.0,0,0.9144809786066125,0.7698661820584835,-0.14461479654812903
setup2_box_minus_point,474954,point_vs_box,0.0,0,0.008762342654707168,0.7698661820584835,0.7611038394037762
setup1_sam_vit_b_minus_mobile_sam,506923,point,0.0,0,0.8286423132859954,0.7122337059692048,-0.11640860731679059
setup1_sam_vit_b_minus_mobile_sam,506923,box,0.0,0,0.7394103257370929,0.7273098409969918,-0.012100484740101058
setup2_box_minus_point,506923,point_vs_box,0.0,0,0.7122337059692048,0.7273098409969918,0.015076135027787041
setup1_sam_vit_b_minus_mobile_sam,518621,point,0.0,0,0.007411032650492903,0.005663147591414388,-0.0017478850590785149
setup1_sam_vit_b_minus_mobile_sam,518621,box,0.0,0,0.9488488419898589,0.8765504208898814,-0.07229842109997742
setup2_box_minus_point,518621,point_vs_box,0.0,0,0.005663147591414388,0.8765504208898814,0.870887273298467
setup1_sam_vit_b_minus_mobile_sam,585805,point,0.0,0,0.31580265464562984,0.3156046161565479,-0.0001980384890819531
setup1_sam_vit_b_minus_mobile_sam,585805,box,0.0,0,0.4367771280051982,0.8348104382077794,0.39803331020258126
setup2_box_minus_point,585805,point_vs_box,0.0,0,0.3156046161565479,0.8348104382077794,0.5192058220512316
setup1_sam_vit_b_minus_mobile_sam,592288,point,0.0,0,0.9054009387188471,0.8428500496524329,-0.06255088906641415
setup1_sam_vit_b_minus_mobile_sam,592288,box,0.0,0,0.9059210417596218,0.9023273496644517,-0.0035936920951701312
setup2_box_minus_point,592288,point_vs_box,0.0,0,0.8428500496524329,0.9023273496644517,0.059477300012018786
setup1_sam_vit_b_minus_mobile_sam,595505,point,0.0,0,0.8528061009522204,0.8358631770326836,-0.01694292391953678
setup1_sam_vit_b_minus_mobile_sam,595505,box,0.0,0,0.8574827854871655,0.8431446858682836,-0.014338099618881883
setup2_box_minus_point,595505,point_vs_box,0.0,0,0.8358631770326836,0.8431446858682836,0.00728150883559997
setup1_sam_vit_b_minus_mobile_sam,601827,point,0.0,0,0.9240393208221627,0.8815612382234186,-0.04247808259874408
setup1_sam_vit_b_minus_mobile_sam,601827,box,0.0,0,0.9255129348795718,0.9241748438893844,-0.001338090990187335
setup2_box_minus_point,601827,point_vs_box,0.0,0,0.8815612382234186,0.9241748438893844,0.04261360566596584
setup1_sam_vit_b_minus_mobile_sam,613127,point,0.0,0,0.6826769558275678,0.7105156313438896,0.027838675516321798
setup1_sam_vit_b_minus_mobile_sam,613127,box,0.0,0,0.6947199142321093,0.7306892247954514,0.03596931056334207
setup2_box_minus_point,613127,point_vs_box,0.0,0,0.7105156313438896,0.7306892247954514,0.020173593451561778
setup1_sam_vit_b_minus_mobile_sam,648400,point,0.0,0,0.583679525222552,0.770516717325228,0.18683719210267602
setup1_sam_vit_b_minus_mobile_sam,648400,box,0.0,0,0.6448758207250928,0.8562587904360056,0.21138296971091286
setup2_box_minus_point,648400,point_vs_box,0.0,0,0.770516717325228,0.8562587904360056,0.08574207311077764
setup1_sam_vit_b_minus_mobile_sam,657044,point,0.0,0,0.8450956937799043,0.8091190880911909,-0.035976605688713414
setup1_sam_vit_b_minus_mobile_sam,657044,box,0.0,0,0.884941724941725,0.8950512794981579,0.01010955455643292
setup2_box_minus_point,657044,point_vs_box,0.0,0,0.8091190880911909,0.8950512794981579,0.08593219140696695
setup1_sam_vit_b_minus_mobile_sam,658626,point,0.0,0,0.6213301378070701,0.6463339494762785,0.025003811669208398
setup1_sam_vit_b_minus_mobile_sam,658626,box,0.0,0,0.8262096774193548,0.7284500202347228,-0.09775965718463198
setup2_box_minus_point,658626,point_vs_box,0.0,0,0.6463339494762785,0.7284500202347228,0.08211607075844429
setup1_sam_vit_b_minus_mobile_sam,683127,point,0.0,0,0.9102333931777379,0.4407563025210084,-0.4694770906567295
setup1_sam_vit_b_minus_mobile_sam,683127,box,0.0,0,0.9102457884562276,0.9126577013725219,0.0024119129162942787
setup2_box_minus_point,683127,point_vs_box,0.0,0,0.4407563025210084,0.9126577013725219,0.4719013988515135
setup1_sam_vit_b_minus_mobile_sam,1042325,point,0.0,0,0.80178671133445,0.796796423915068,-0.004990287419382011
setup1_sam_vit_b_minus_mobile_sam,1042325,box,0.0,0,0.8163771712158809,0.7798058252427185,-0.03657134597316247
setup2_box_minus_point,1042325,point_vs_box,0.0,0,0.796796423915068,0.7798058252427185,-0.016990598672349533
setup1_sam_vit_b_minus_mobile_sam,1044692,point,0.0,0,0.7526292401125759,0.7403347652199674,-0.012294474892608487
setup1_sam_vit_b_minus_mobile_sam,1044692,box,0.0,0,0.7513345195729537,0.7419116560791845,-0.009422863493769196
setup2_box_minus_point,1044692,point_vs_box,0.0,0,0.7403347652199674,0.7419116560791845,0.0015768908592170838
setup1_sam_vit_b_minus_mobile_sam,1050658,point,0.0,0,0.37486949579315854,0.367377018976847,-0.007492476816311544
setup1_sam_vit_b_minus_mobile_sam,1050658,box,0.0,0,0.9600024388756783,0.9605223015437183,0.0005198626680400498
setup2_box_minus_point,1050658,point_vs_box,0.0,0,0.367377018976847,0.9605223015437183,0.5931452825668713
setup1_sam_vit_b_minus_mobile_sam,1070882,point,0.0,0,0.8913729128014842,0.41816934535476286,-0.4732035674467214
setup1_sam_vit_b_minus_mobile_sam,1070882,box,0.0,0,0.8917764989790236,0.8709136630343671,-0.020862835944656433
setup2_box_minus_point,1070882,point_vs_box,0.0,0,0.41816934535476286,0.8709136630343671,0.45274431767960427
setup1_sam_vit_b_minus_mobile_sam,1152444,point,0.0,0,0.6357908825305629,0.1412286997012534,-0.4945621828293095
setup1_sam_vit_b_minus_mobile_sam,1152444,box,0.0,0,0.881188438039045,0.8847619047619047,0.0035734667228597417
setup2_box_minus_point,1152444,point_vs_box,0.0,0,0.1412286997012534,0.8847619047619047,0.7435332050606513
setup1_sam_vit_b_minus_mobile_sam,1152662,point,0.0,0,0.8677904381534124,0.9042113955408753,0.03642095738746287
setup1_sam_vit_b_minus_mobile_sam,1152662,box,0.0,0,0.8970044614404079,0.7935496207533941,-0.10345484068701383
setup2_box_minus_point,1152662,point_vs_box,0.0,0,0.9042113955408753,0.7935496207533941,-0.11066177478748118
setup1_sam_vit_b_minus_mobile_sam,1161337,point,0.0,0,0.4549527460770328,0.45046190922479584,-0.004490836852236946
setup1_sam_vit_b_minus_mobile_sam,1161337,box,0.0,0,0.6621354532677443,0.6814872934920012,0.019351840224256955
setup2_box_minus_point,1161337,point_vs_box,0.0,0,0.45046190922479584,0.6814872934920012,0.23102538426720537
setup1_sam_vit_b_minus_mobile_sam,1216289,point,0.0,0,0.8370530715831903,0.8622490858891128,0.025196014305922443
setup1_sam_vit_b_minus_mobile_sam,1216289,box,0.0,0,0.8261910103956324,0.6068900976779552,-0.21930091271767715
setup2_box_minus_point,1216289,point_vs_box,0.0,0,0.8622490858891128,0.6068900976779552,-0.25535898821115754
setup1_sam_vit_b_minus_mobile_sam,1266826,point,0.0,0,0.2231793265465936,0.16455696202531644,-0.05862236452127714
setup1_sam_vit_b_minus_mobile_sam,1266826,box,0.0,0,0.40106951871657753,0.37047353760445684,-0.030595981112120696
setup2_box_minus_point,1266826,point_vs_box,0.0,0,0.16455696202531644,0.37047353760445684,0.2059165755791404
setup1_sam_vit_b_minus_mobile_sam,1372916,point,0.0,0,0.8830188679245283,0.8015267175572519,-0.08149215036727642
setup1_sam_vit_b_minus_mobile_sam,1372916,box,0.0,0,0.9176029962546817,0.9315589353612167,0.013955939106535031
setup2_box_minus_point,1372916,point_vs_box,0.0,0,0.8015267175572519,0.9315589353612167,0.1300322178039648
setup1_sam_vit_b_minus_mobile_sam,1444448,point,0.0,0,0.8853503184713376,0.7532051282051282,-0.1321451902662094
setup1_sam_vit_b_minus_mobile_sam,1444448,box,0.0,0,0.9429477020602218,0.9250398724082934,-0.017907829651928386
setup2_box_minus_point,1444448,point_vs_box,0.0,0,0.7532051282051282,0.9250398724082934,0.17183474420316525
setup1_sam_vit_b_minus_mobile_sam,1445867,point,0.0,0,0.6287164612037709,0.043509789702683106,-0.5852066715010877
setup1_sam_vit_b_minus_mobile_sam,1445867,box,0.0,0,0.8672438672438673,0.8616944243301955,-0.005549442913671765
setup2_box_minus_point,1445867,point_vs_box,0.0,0,0.043509789702683106,0.8616944243301955,0.8181846346275123
setup1_sam_vit_b_minus_mobile_sam,1505901,point,0.0,0,0.7043010752688172,0.806060606060606,0.10175953079178879
setup1_sam_vit_b_minus_mobile_sam,1505901,box,0.0,0,0.7150837988826816,0.8012048192771084,0.08612102039442682
setup2_box_minus_point,1505901,point_vs_box,0.0,0,0.806060606060606,0.8012048192771084,-0.004855786783497629
setup1_sam_vit_b_minus_mobile_sam,1538400,point,0.0,0,0.3986314826733512,0.39680227634565224,-0.0018292063276989512
setup1_sam_vit_b_minus_mobile_sam,1538400,box,0.0,0,0.5348938450204272,0.5338499048127985,-0.0010439402076287685
setup2_box_minus_point,1538400,point_vs_box,0.0,0,0.39680227634565224,0.5338499048127985,0.13704762846714624
setup1_sam_vit_b_minus_mobile_sam,1727101,point,0.0,0,0.5095676824946846,0.35730858468677495,-0.1522590978079097
setup1_sam_vit_b_minus_mobile_sam,1727101,box,0.0,0,0.8601823708206687,0.7654901960784314,-0.09469217474223734
setup2_box_minus_point,1727101,point_vs_box,0.0,0,0.35730858468677495,0.7654901960784314,0.40818161139165643
setup1_sam_vit_b_minus_mobile_sam,1798918,point,0.0,0,0.09254011184983243,0.08261586371130243,-0.009924248138530004
setup1_sam_vit_b_minus_mobile_sam,1798918,box,0.0,0,0.8231730161958488,0.8027290239726027,-0.02044399222324611
setup2_box_minus_point,1798918,point_vs_box,0.0,0,0.08261586371130243,0.8027290239726027,0.7201131602613002
setup1_sam_vit_b_minus_mobile_sam,1825525,point,0.0,0,0.15168831168831168,0.206645056726094,0.054956745037782334
setup1_sam_vit_b_minus_mobile_sam,1825525,box,0.0,0,0.2022867194371152,0.1639878872583275,-0.03829883217878771
setup2_box_minus_point,1825525,point_vs_box,0.0,0,0.206645056726094,0.1639878872583275,-0.042657169467766515
setup1_sam_vit_b_minus_mobile_sam,1880859,point,0.0,0,0.5014295925661186,0.4931899641577061,-0.008239628408412525
setup1_sam_vit_b_minus_mobile_sam,1880859,box,0.0,0,0.9231863442389758,0.9389421370252041,0.015755792786228295
setup2_box_minus_point,1880859,point_vs_box,0.0,0,0.4931899641577061,0.9389421370252041,0.445752172867498
setup1_sam_vit_b_minus_mobile_sam,1902534,point,0.0,0,0.912393376818866,0.9163650985122638,0.003971721693397767
setup1_sam_vit_b_minus_mobile_sam,1902534,box,0.0,0,0.9122049221496735,0.9163815657073858,0.004176643557712301
setup2_box_minus_point,1902534,point_vs_box,0.0,0,0.9163650985122638,0.9163815657073858,1.6467195122049638e-05
setup1_sam_vit_b_minus_mobile_sam,2132347,point,0.0,0,0.016041146059012423,0.004733696200578134,-0.01130744985843429
setup1_sam_vit_b_minus_mobile_sam,2132347,box,0.0,0,0.5040132669983416,0.5092474277286648,0.005234160730323234
setup2_box_minus_point,2132347,point_vs_box,0.0,0,0.004733696200578134,0.5092474277286648,0.5045137315280867
setup1_sam_vit_b_minus_mobile_sam,2191728,point,0.0,0,0.21116225546605294,0.1978021978021978,-0.013360057663855146
setup1_sam_vit_b_minus_mobile_sam,2191728,box,0.0,0,0.6617398648648649,0.7395833333333334,0.07784346846846846
setup2_box_minus_point,2191728,point_vs_box,0.0,0,0.1978021978021978,0.7395833333333334,0.5417811355311356
setup1_sam_vit_b_minus_mobile_sam,2194765,point,0.0,0,0.9242783594608666,0.9104279617026185,-0.013850397758248034
setup1_sam_vit_b_minus_mobile_sam,2194765,box,0.0,0,0.9348513598987982,0.9086422586939057,-0.026209101204892504
setup2_box_minus_point,2194765,point_vs_box,0.0,0,0.9104279617026185,0.9086422586939057,-0.0017857030087128356
setup1_sam_vit_b_minus_mobile_sam,2215064,point,0.0,0,0.7534246575342466,0.7516778523489933,-0.001746805185253275
setup1_sam_vit_b_minus_mobile_sam,2215064,box,0.0,0,0.8059701492537313,0.7602739726027398,-0.04569617665099157
setup2_box_minus_point,2215064,point_vs_box,0.0,0,0.7516778523489933,0.7602739726027398,0.008596120253746453
setup1_sam_vit_b_minus_mobile_sam,2227685,point,0.0,0,0.08532559557602136,0.06273611023500635,-0.022589485341015014
setup1_sam_vit_b_minus_mobile_sam,2227685,box,0.0,0,0.8648464396495893,0.7952640286777884,-0.06958241097180085
setup2_box_minus_point,2227685,point_vs_box,0.0,0,0.06273611023500635,0.7952640286777884,0.7325279184427821
setup3_noisy_minus_clean,100384,box,0.1,1,0.4285491541280112,0.19092918607405068,-0.23761996805396052
setup3_noisy_minus_clean,100384,box,0.1,2,0.4285491541280112,0.02827871501518971,-0.4002704391128215
setup3_noisy_minus_clean,100384,box,0.1,3,0.4285491541280112,0.20691276745826476,-0.22163638666974644
setup3_noisy_minus_clean,100384,box,0.2,1,0.4285491541280112,0.04809606769537083,-0.38045308643264036
setup3_noisy_minus_clean,100384,box,0.2,2,0.4285491541280112,0.0052860404741797255,-0.42326311365383146
setup3_noisy_minus_clean,100384,box,0.2,3,0.4285491541280112,0.051353362842257826,-0.37719579128575337
setup3_noisy_minus_clean,100384,point,0.1,1,0.13249148919325468,0.05075217735550277,-0.0817393118377519
setup3_noisy_minus_clean,100384,point,0.1,2,0.13249148919325468,0.05588340132282467,-0.07660808787043001
setup3_noisy_minus_clean,100384,point,0.1,3,0.13249148919325468,0.24050958220133636,0.10801809300808168
setup3_noisy_minus_clean,100384,point,0.2,1,0.13249148919325468,0.06886049914962623,-0.06363099004362845
setup3_noisy_minus_clean,100384,point,0.2,2,0.13249148919325468,0.0006193868070610096,-0.13187210238619368
setup3_noisy_minus_clean,100384,point,0.2,3,0.13249148919325468,0.0012496373820096848,-0.131241851811245
setup3_noisy_minus_clean,1042325,box,0.1,1,0.7798058252427185,0.7769607843137255,-0.002845040928992959
setup3_noisy_minus_clean,1042325,box,0.1,2,0.7798058252427185,0.7627934978928357,-0.017012327349882783
setup3_noisy_minus_clean,1042325,box,0.1,3,0.7798058252427185,0.7795334838224228,-0.0002723414202956409
setup3_noisy_minus_clean,1042325,box,0.2,1,0.7798058252427185,0.5097773475314618,-0.2700284777112567
setup3_noisy_minus_clean,1042325,box,0.2,2,0.7798058252427185,0.32354715463502914,-0.4562586706076893
setup3_noisy_minus_clean,1042325,box,0.2,3,0.7798058252427185,0.6426285068725287,-0.13717731837018976
setup3_noisy_minus_clean,1042325,point,0.1,1,0.796796423915068,0.7905241559410557,-0.006272267974012258
setup3_noisy_minus_clean,1042325,point,0.1,2,0.796796423915068,0.7943131462333826,-0.0024832776816854363
setup3_noisy_minus_clean,1042325,point,0.1,3,0.796796423915068,0.794106676613204,-0.0026897473018639984
setup3_noisy_minus_clean,1042325,point,0.2,1,0.796796423915068,0.0028573327131370856,-0.793939091201931
setup3_noisy_minus_clean,1042325,point,0.2,2,0.796796423915068,0.004936292296008776,-0.7918601316190592
setup3_noisy_minus_clean,1042325,point,0.2,3,0.796796423915068,0.7872142724400669,-0.009582151475001077
setup3_noisy_minus_clean,1044692,box,0.1,1,0.7419116560791845,0.7424264814541156,0.0005148253749310827
setup3_noisy_minus_clean,1044692,box,0.1,2,0.7419116560791845,0.7420259893679858,0.00011433328880128268
setup3_noisy_minus_clean,1044692,box,0.1,3,0.7419116560791845,0.7383798140770252,-0.00353184200215928
setup3_noisy_minus_clean,1044692,box,0.2,1,0.7419116560791845,0.6113100566994927,-0.13060159937969185
setup3_noisy_minus_clean,1044692,box,0.2,2,0.7419116560791845,0.6876316581402347,-0.054279997938949776
setup3_noisy_minus_clean,1044692,box,0.2,3,0.7419116560791845,0.026991150442477876,-0.7149205056367066
setup3_noisy_minus_clean,1044692,point,0.1,1,0.7403347652199674,0.01783406565003877,-0.7225006995699287
setup3_noisy_minus_clean,1044692,point,0.1,2,0.7403347652199674,0.7407078335554569,0.00037306833548944596
setup3_noisy_minus_clean,1044692,point,0.1,3,0.7403347652199674,0.7458579881656805,0.005523222945713058
setup3_noisy_minus_clean,1044692,point,0.2,1,0.7403347652199674,0.017584690974915957,-0.7227500742450514
setup3_noisy_minus_clean,1044692,point,0.2,2,0.7403347652199674,0.04074495428306577,-0.6995898109369016
setup3_noisy_minus_clean,1044692,point,0.2,3,0.7403347652199674,0.014644128113879003,-0.7256906371060884
setup3_noisy_minus_clean,1050658,box,0.1,1,0.9605223015437183,0.9478122708384258,-0.01271003070529253
setup3_noisy_minus_clean,1050658,box,0.1,2,0.9605223015437183,0.9396214896214896,-0.0209008119222287
setup3_noisy_minus_clean,1050658,box,0.1,3,0.9605223015437183,0.7145563431923735,-0.24596595835134483
setup3_noisy_minus_clean,1050658,box,0.2,1,0.9605223015437183,0.4357919302339864,-0.524730371309732
setup3_noisy_minus_clean,1050658,box,0.2,2,0.9605223015437183,0.44254744211754593,-0.5179748594261724
setup3_noisy_minus_clean,1050658,box,0.2,3,0.9605223015437183,0.20060119011103614,-0.7599211114326822
setup3_noisy_minus_clean,1050658,point,0.1,1,0.367377018976847,0.3684824663759749,0.0011054473991279345
setup3_noisy_minus_clean,1050658,point,0.1,2,0.367377018976847,0.368236811398391,0.0008597924215439923
setup3_noisy_minus_clean,1050658,point,0.1,3,0.367377018976847,0.14761144541323837,-0.21976557356360862
setup3_noisy_minus_clean,1050658,point,0.2,1,0.367377018976847,0.3733341521832586,0.005957133206411613
setup3_noisy_minus_clean,1050658,point,0.2,2,0.367377018976847,0.37253577350611067,0.005158754529263676
setup3_noisy_minus_clean,1050658,point,0.2,3,0.367377018976847,0.4506508586445028,0.08327383966765584
setup3_noisy_minus_clean,1070882,box,0.1,1,0.8709136630343671,0.12910244786944697,-0.7418112151649201
setup3_noisy_minus_clean,1070882,box,0.1,2,0.8709136630343671,0.28777040420580885,-0.5831432588285583
setup3_noisy_minus_clean,1070882,box,0.1,3,0.8709136630343671,0.812346146563151,-0.05856751647121616
setup3_noisy_minus_clean,1070882,box,0.2,1,0.8709136630343671,0.04072150860890954,-0.8301921544254576
setup3_noisy_minus_clean,1070882,box,0.2,2,0.8709136630343671,0.009743452221328327,-0.8611702108130388
setup3_noisy_minus_clean,1070882,box,0.2,3,0.8709136630343671,0.018940609951845908,-0.8519730530825212
setup3_noisy_minus_clean,1070882,point,0.1,1,0.41816934535476286,0.41564552494853446,-0.002523820406228394
setup3_noisy_minus_clean,1070882,point,0.1,2,0.41816934535476286,0.4149593177139496,-0.00321002764081324
setup3_noisy_minus_clean,1070882,point,0.1,3,0.41816934535476286,0.41914935319482555,0.000980007840062691
setup3_noisy_minus_clean,1070882,point,0.2,1,0.41816934535476286,0.7787386032521854,0.3605692578974225
setup3_noisy_minus_clean,1070882,point,0.2,2,0.41816934535476286,0.505175983436853,0.08700663808209014
setup3_noisy_minus_clean,1070882,point,0.2,3,0.41816934535476286,0.4186114924494999,0.0004421470947370554
setup3_noisy_minus_clean,1152444,box,0.1,1,0.8847619047619047,0.15346016449281383,-0.7313017402690909
setup3_noisy_minus_clean,1152444,box,0.1,2,0.8847619047619047,0.7410070774625024,-0.14375482729940237
setup3_noisy_minus_clean,1152444,box,0.1,3,0.8847619047619047,0.6826762323686474,-0.20208567239325737
setup3_noisy_minus_clean,1152444,box,0.2,1,0.8847619047619047,0.07799447532199554,-0.8067674294399092
setup3_noisy_minus_clean,1152444,box,0.2,2,0.8847619047619047,0.5701226017167523,-0.3146393030451524
setup3_noisy_minus_clean,1152444,box,0.2,3,0.8847619047619047,0.6214967712552254,-0.26326513350667935
setup3_noisy_minus_clean,1152444,point,0.1,1,0.1412286997012534,0.5424526743532988,0.4012239746520454
setup3_noisy_minus_clean,1152444,point,0.1,2,0.1412286997012534,0.004525113545284531,-0.13670358615596886
setup3_noisy_minus_clean,1152444,point,0.1,3,0.1412286997012534,0.7010750239888106,0.5598463242875572
setup3_noisy_minus_clean,1152444,point,0.2,1,0.1412286997012534,0.017649612610205718,-0.12357908709104769
setup3_noisy_minus_clean,1152444,point,0.2,2,0.1412286997012534,0.7112766337244211,0.5700479340231677
setup3_noisy_minus_clean,1152444,point,0.2,3,0.1412286997012534,0.5838472641385645,0.44261856443731107
setup3_noisy_minus_clean,1152662,box,0.1,1,0.7935496207533941,0.4171732036598631,-0.376376417093531
setup3_noisy_minus_clean,1152662,box,0.1,2,0.7935496207533941,0.643072,-0.1504776207533941
setup3_noisy_minus_clean,1152662,box,0.1,3,0.7935496207533941,0.0032514450867052024,-0.7902981756666889
setup3_noisy_minus_clean,1152662,box,0.2,1,0.7935496207533941,0.21941847060330472,-0.5741311501500894
setup3_noisy_minus_clean,1152662,box,0.2,2,0.7935496207533941,0.613153673403914,-0.18039594734948006
setup3_noisy_minus_clean,1152662,box,0.2,3,0.7935496207533941,0.000708753100794816,-0.7928408676525993
setup3_noisy_minus_clean,1152662,point,0.1,1,0.9042113955408753,0.8635958773380837,-0.04061551820279152
setup3_noisy_minus_clean,1152662,point,0.1,2,0.9042113955408753,0.5278027481700269,-0.37640864737084834
setup3_noisy_minus_clean,1152662,point,0.1,3,0.9042113955408753,0.8169418063611448,-0.08726958917973049
setup3_noisy_minus_clean,1152662,point,0.2,1,0.9042113955408753,0.8866891590807817,-0.017522236460093543
setup3_noisy_minus_clean,1152662,point,0.2,2,0.9042113955408753,0.9200558340206839,0.015844438479808653
setup3_noisy_minus_clean,1152662,point,0.2,3,0.9042113955408753,0.7837405654343098,-0.12047083010656545
setup3_noisy_minus_clean,1161337,box,0.1,1,0.6814872934920012,0.6138246596032962,-0.06766263388870497
setup3_noisy_minus_clean,1161337,box,0.1,2,0.6814872934920012,0.2071583035438457,-0.47432898994815553
setup3_noisy_minus_clean,1161337,box,0.1,3,0.6814872934920012,0.07466700018760553,-0.6068202933043957
setup3_noisy_minus_clean,1161337,box,0.2,1,0.6814872934920012,0.6227863832053615,-0.05870091028663971
setup3_noisy_minus_clean,1161337,box,0.2,2,0.6814872934920012,0.00439625472914421,-0.677091038762857
setup3_noisy_minus_clean,1161337,box,0.2,3,0.6814872934920012,0.011209045758819026,-0.6702782477331822
setup3_noisy_minus_clean,1161337,point,0.1,1,0.45046190922479584,0.4144827894102415,-0.03597911981455432
setup3_noisy_minus_clean,1161337,point,0.1,2,0.45046190922479584,0.18004218004218003,-0.2704197291826158
setup3_noisy_minus_clean,1161337,point,0.1,3,0.45046190922479584,0.2558139534883721,-0.19464795573642374
setup3_noisy_minus_clean,1161337,point,0.2,1,0.45046190922479584,0.4528192426980833,0.0023573334732874818
setup3_noisy_minus_clean,1161337,point,0.2,2,0.45046190922479584,0.17982066761363635,-0.2706412416111595
setup3_noisy_minus_clean,1161337,point,0.2,3,0.45046190922479584,0.25609061431951624,-0.1943712949052796
setup3_noisy_minus_clean,1216289,box,0.1,1,0.6068900976779552,0.006793478260869565,-0.6000966194170857
setup3_noisy_minus_clean,1216289,box,0.1,2,0.6068900976779552,0.01680533362719709,-0.5900847640507582
setup3_noisy_minus_clean,1216289,box,0.1,3,0.6068900976779552,0.04149238748536055,-0.5653977101925947
setup3_noisy_minus_clean,1216289,box,0.2,1,0.6068900976779552,0.5697781178270849,-0.037111979850870336
setup3_noisy_minus_clean,1216289,box,0.2,2,0.6068900976779552,0.013853200759691655,-0.5930368969182636
setup3_noisy_minus_clean,1216289,box,0.2,3,0.6068900976779552,0.6338303961439976,0.0269402984660424
setup3_noisy_minus_clean,1216289,point,0.1,1,0.8622490858891128,0.8614660390047074,-0.0007830468844053362
setup3_noisy_minus_clean,1216289,point,0.1,2,0.8622490858891128,0.8700366409930457,0.007787555103932919
setup3_noisy_minus_clean,1216289,point,0.1,3,0.8622490858891128,0.8625851358431255,0.0003360499540127071
setup3_noisy_minus_clean,1216289,point,0.2,1,0.8622490858891128,0.0002147766323024055,-0.8620343092568103
setup3_noisy_minus_clean,1216289,point,0.2,2,0.8622490858891128,0.0011816838995568684,-0.8610674019895559
setup3_noisy_minus_clean,1216289,point,0.2,3,0.8622490858891128,0.02374394006170119,-0.8385051458274115
setup3_noisy_minus_clean,1266826,box,0.1,1,0.37047353760445684,0.3282336578581363,-0.04223987974632054
setup3_noisy_minus_clean,1266826,box,0.1,2,0.37047353760445684,0.2894898586355255,-0.08098367896893133
setup3_noisy_minus_clean,1266826,box,0.1,3,0.37047353760445684,0.5840500390930414,0.2135765014885846
setup3_noisy_minus_clean,1266826,box,0.2,1,0.37047353760445684,0.272608125819135,-0.09786541178532182
setup3_noisy_minus_clean,1266826,box,0.2,2,0.37047353760445684,0.10489157841654059,-0.26558195918791627
setup3_noisy_minus_clean,1266826,box,0.2,3,0.37047353760445684,0.3731459797033568,0.002672442098899941
setup3_noisy_minus_clean,1266826,point,0.1,1,0.16455696202531644,0.0002492522432701894,-0.16430770978204626
setup3_noisy_minus_clean,1266826,point,0.1,2,0.16455696202531644,0.30482977038796516,0.14027280836264872
setup3_noisy_minus_clean,1266826,point,0.1,3,0.16455696202531644,0.0003661662394727206,-0.16419079578584372
setup3_noisy_minus_clean,1266826,point,0.2,1,0.16455696202531644,0.00048123195380173246,-0.1640757300715147
setup3_noisy_minus_clean,1266826,point,0.2,2,0.16455696202531644,0.0248790601243953,-0.13967790190092114
setup3_noisy_minus_clean,1266826,point,0.2,3,0.16455696202531644,0.00010766580534022394,-0.16444929621997623
setup3_noisy_minus_clean,1372916,box,0.1,1,0.9315589353612167,0.9128787878787878,-0.018680147482428855
setup3_noisy_minus_clean,1372916,box,0.1,2,0.9315589353612167,0.9067164179104478,-0.02484251745076893
setup3_noisy_minus_clean,1372916,box,0.1,3,0.9315589353612167,0.9318181818181818,0.00025924645696506765
setup3_noisy_minus_clean,1372916,box,0.2,1,0.9315589353612167,0.8053435114503816,-0.12621542391083507
setup3_noisy_minus_clean,1372916,box,0.2,2,0.9315589353612167,0.8805970149253731,-0.05096192043584358
setup3_noisy_minus_clean,1372916,box,0.2,3,0.9315589353612167,0.908745247148289,-0.02281368821292773
setup3_noisy_minus_clean,1372916,point,0.1,1,0.8015267175572519,0.8320610687022901,0.03053435114503822
setup3_noisy_minus_clean,1372916,point,0.1,2,0.8015267175572519,0.9132075471698113,0.11168082961255943
setup3_noisy_minus_clean,1372916,point,0.1,3,0.8015267175572519,0.8053435114503816,0.003816793893129722
setup3_noisy_minus_clean,1372916,point,0.2,1,0.8015267175572519,0.9198473282442748,0.11832061068702293
setup3_noisy_minus_clean,1372916,point,0.2,2,0.8015267175572519,0.19318181818181818,-0.6083448993754337
setup3_noisy_minus_clean,1372916,point,0.2,3,0.8015267175572519,0.8015267175572519,0.0
setup3_noisy_minus_clean,141868,box,0.1,1,0.2940630797773655,0.31137724550898205,0.017314165731616538
setup3_noisy_minus_clean,141868,box,0.1,2,0.2940630797773655,0.5041208791208791,0.2100577993435136
setup3_noisy_minus_clean,141868,box,0.1,3,0.2940630797773655,0.1855166802278275,-0.10854639954953801
setup3_noisy_minus_clean,141868,box,0.2,1,0.2940630797773655,0.3888888888888889,0.09482580911152338
setup3_noisy_minus_clean,141868,box,0.2,2,0.2940630797773655,0.14652317880794702,-0.1475399009694185
setup3_noisy_minus_clean,141868,box,0.2,3,0.2940630797773655,0.01208865010073875,-0.2819744296766268
setup3_noisy_minus_clean,141868,point,0.1,1,0.300148588410104,0.3308714918759232,0.030722903465819185
setup3_noisy_minus_clean,141868,point,0.1,2,0.300148588410104,0.016333938294010888,-0.28381465011609314
setup3_noisy_minus_clean,141868,point,0.1,3,0.300148588410104,0.34416543574593794,0.04401684733583394
setup3_noisy_minus_clean,141868,point,0.2,1,0.300148588410104,0.39500734214390604,0.09485875373380204
setup3_noisy_minus_clean,141868,point,0.2,2,0.300148588410104,0.01125703564727955,-0.28889155276282447
setup3_noisy_minus_clean,141868,point,0.2,3,0.300148588410104,0.40927152317880794,0.10912293476870394
setup3_noisy_minus_clean,1444448,box,0.1,1,0.9250398724082934,0.9105431309904153,-0.014496741417878156
setup3_noisy_minus_clean,1444448,box,0.1,2,0.9250398724082934,0.9201277955271565,-0.004912076881136929
setup3_noisy_minus_clean,1444448,box,0.1,3,0.9250398724082934,0.9186602870813397,-0.006379585326953707
setup3_noisy_minus_clean,1444448,box,0.2,1,0.9250398724082934,0.7699680511182109,-0.15507182129008257
setup3_noisy_minus_clean,1444448,box,0.2,2,0.9250398724082934,0.8833865814696485,-0.041653290938644894
setup3_noisy_minus_clean,1444448,box,0.2,3,0.9250398724082934,0.8514376996805112,-0.07360217272778224
setup3_noisy_minus_clean,1444448,point,0.1,1,0.7532051282051282,0.8961661341853036,0.14296100598017536
setup3_noisy_minus_clean,1444448,point,0.1,2,0.7532051282051282,0.8976,0.14439487179487176
setup3_noisy_minus_clean,1444448,point,0.1,3,0.7532051282051282,0.1875,-0.5657051282051282
setup3_noisy_minus_clean,1444448,point,0.2,1,0.7532051282051282,0.9057507987220448,0.1525456705169166
setup3_noisy_minus_clean,1444448,point,0.2,2,0.7532051282051282,0.9089456869009584,0.15574055869583026
setup3_noisy_minus_clean,1444448,point,0.2,3,0.7532051282051282,0.18269230769230768,-0.5705128205128205
setup3_noisy_minus_clean,1445867,box,0.1,1,0.8616944243301955,0.8638667632150615,0.0021723388848660097
setup3_noisy_minus_clean,1445867,box,0.1,2,0.8616944243301955,0.8602461984069515,-0.0014482259232440065
setup3_noisy_minus_clean,1445867,box,0.1,3,0.8616944243301955,0.8493845039826213,-0.012309920347574166
setup3_noisy_minus_clean,1445867,box,0.2,1,0.8616944243301955,0.5989847715736041,-0.2627096527565914
setup3_noisy_minus_clean,1445867,box,0.2,2,0.8616944243301955,0.7494569152787834,-0.11223750905141205
setup3_noisy_minus_clean,1445867,box,0.2,3,0.8616944243301955,0.7364228819695873,-0.12527154236060822
setup3_noisy_minus_clean,1445867,point,0.1,1,0.043509789702683106,0.8493845039826213,0.8058747142799382
setup3_noisy_minus_clean,1445867,point,0.1,2,0.043509789702683106,0.03553299492385787,-0.007976794778825236
setup3_noisy_minus_clean,1445867,point,0.1,3,0.043509789702683106,0.8478260869565217,0.8043162972538386
setup3_noisy_minus_clean,1445867,point,0.2,1,0.043509789702683106,0.8587979724837075,0.8152881827810243
setup3_noisy_minus_clean,1445867,point,0.2,2,0.043509789702683106,0.8514492753623188,0.8079394856596357
setup3_noisy_minus_clean,1445867,point,0.2,3,0.043509789702683106,0.8420289855072464,0.7985191958045632
setup3_noisy_minus_clean,144786,box,0.1,1,0.9236244961507225,0.16844259217541488,-0.7551819039753076
setup3_noisy_minus_clean,144786,box,0.1,2,0.9236244961507225,0.4445437740537592,-0.4790807220969633
setup3_noisy_minus_clean,144786,box,0.1,3,0.9236244961507225,0.29490033827543355,-0.6287241578752889
setup3_noisy_minus_clean,144786,box,0.2,1,0.9236244961507225,0.13332222188551168,-0.7903022742652108
setup3_noisy_minus_clean,144786,box,0.2,2,0.9236244961507225,0.26269431032850515,-0.6609301858222174
setup3_noisy_minus_clean,144786,box,0.2,3,0.9236244961507225,0.17191963059276014,-0.7517048655579623
setup3_noisy_minus_clean,144786,point,0.1,1,0.001893996787781448,0.10096896875662899,0.09907497196884754
setup3_noisy_minus_clean,144786,point,0.1,2,0.001893996787781448,0.028705415315615625,0.026811418527834176
setup3_noisy_minus_clean,144786,point,0.1,3,0.001893996787781448,0.11511333676778084,0.11321933997999939
setup3_noisy_minus_clean,144786,point,0.2,1,0.001893996787781448,0.10918512682202491,0.10729113003424347
setup3_noisy_minus_clean,144786,point,0.2,2,0.001893996787781448,0.03648974211339737,0.03459574532561593
setup3_noisy_minus_clean,144786,point,0.2,3,0.001893996787781448,0.030122124912876146,0.028228128125094697
setup3_noisy_minus_clean,1505901,box,0.1,1,0.8012048192771084,0.7738095238095238,-0.02739529546758457
setup3_noisy_minus_clean,1505901,box,0.1,2,0.8012048192771084,0.8109756097560976,0.00977079047898921
setup3_noisy_minus_clean,1505901,box,0.1,3,0.8012048192771084,0.7831325301204819,-0.01807228915662651
setup3_noisy_minus_clean,1505901,box,0.2,1,0.8012048192771084,0.7678571428571429,-0.0333476764199655
setup3_noisy_minus_clean,1505901,box,0.2,2,0.8012048192771084,0.806060606060606,0.004855786783497629
setup3_noisy_minus_clean,1505901,box,0.2,3,0.8012048192771084,0.7710843373493976,-0.030120481927710774
setup3_noisy_minus_clean,1505901,point,0.1,1,0.806060606060606,0.8109756097560976,0.004915003695491582
setup3_noisy_minus_clean,1505901,point,0.1,2,0.806060606060606,0.806060606060606,0.0
setup3_noisy_minus_clean,1505901,point,0.1,3,0.806060606060606,0.8012048192771084,-0.004855786783497629
setup3_noisy_minus_clean,1505901,point,0.2,1,0.806060606060606,0.8109756097560976,0.004915003695491582
setup3_noisy_minus_clean,1505901,point,0.2,2,0.806060606060606,0.806060606060606,0.0
setup3_noisy_minus_clean,1505901,point,0.2,3,0.806060606060606,0.806060606060606,0.0
setup3_noisy_minus_clean,1538400,box,0.1,1,0.5338499048127985,0.5309255983177008,-0.0029243064950976727
setup3_noisy_minus_clean,1538400,box,0.1,2,0.5338499048127985,0.0081374321880651,-0.5257124726247334
setup3_noisy_minus_clean,1538400,box,0.1,3,0.5338499048127985,0.5156778101261587,-0.018172094686639828
setup3_noisy_minus_clean,1538400,box,0.2,1,0.5338499048127985,0.3761286208169704,-0.15772128399582808
setup3_noisy_minus_clean,1538400,box,0.2,2,0.5338499048127985,0.024515922547607618,-0.5093339822651909
setup3_noisy_minus_clean,1538400,box,0.2,3,0.5338499048127985,0.39624238320920785,-0.13760752160359063
setup3_noisy_minus_clean,1538400,point,0.1,1,0.39680227634565224,0.39676840215439857,-3.387419125366886e-05
setup3_noisy_minus_clean,1538400,point,0.1,2,0.39680227634565224,0.3963619118593544,-0.00044036448629786173
setup3_noisy_minus_clean,1538400,point,0.1,3,0.39680227634565224,0.39595542156431013,-0.0008468547813421101
setup3_noisy_minus_clean,1538400,point,0.2,1,0.39680227634565224,0.395006944209207,-0.0017953321364452268
setup3_noisy_minus_clean,1538400,point,0.2,2,0.39680227634565224,0.5333111370068254,0.13650886066117318
setup3_noisy_minus_clean,1538400,point,0.2,3,0.39680227634565224,0.3955828054605196,-0.0012194708851326341
setup3_noisy_minus_clean,170892,box,0.1,1,0.9031657060404493,0.7123261996820747,-0.19083950635837466
setup3_noisy_minus_clean,170892,box,0.1,2,0.9031657060404493,0.7949749226849552,-0.10819078335549415
setup3_noisy_minus_clean,170892,box,0.1,3,0.9031657060404493,0.25566455696202534,-0.6475011490784239
setup3_noisy_minus_clean,170892,box,0.2,1,0.9031657060404493,0.0024165962298829708,-0.9007491098105663
setup3_noisy_minus_clean,170892,box,0.2,2,0.9031657060404493,0.0017591938823135194,-0.9014065121581358
setup3_noisy_minus_clean,170892,box,0.2,3,0.9031657060404493,0.0,-0.9031657060404493
setup3_noisy_minus_clean,170892,point,0.1,1,0.24514870794734275,0.09160572078660816,-0.1535429871607346
setup3_noisy_minus_clean,170892,point,0.1,2,0.24514870794734275,0.8855311714055143,0.6403824634581715
setup3_noisy_minus_clean,170892,point,0.1,3,0.24514870794734275,0.5266067109300173,0.28145800298267454
setup3_noisy_minus_clean,170892,point,0.2,1,0.24514870794734275,0.025572891272549976,-0.21957581667479278
setup3_noisy_minus_clean,170892,point,0.2,2,0.24514870794734275,0.011555338859093125,-0.23359336908824962
setup3_noisy_minus_clean,170892,point,0.2,3,0.24514870794734275,0.1820981634974809,-0.06305054444986186
setup3_noisy_minus_clean,1727101,box,0.1,1,0.7654901960784314,0.6458003169572107,-0.11968987912122064
setup3_noisy_minus_clean,1727101,box,0.1,2,0.7654901960784314,0.7304116865869854,-0.035078509491445975
setup3_noisy_minus_clean,1727101,box,0.1,3,0.7654901960784314,0.6215360253365004,-0.14395417074193095
setup3_noisy_minus_clean,1727101,box,0.2,1,0.7654901960784314,0.5914826498422713,-0.1740075462361601
setup3_noisy_minus_clean,1727101,box,0.2,2,0.7654901960784314,0.44481382978723405,-0.32067636629119733
setup3_noisy_minus_clean,1727101,box,0.2,3,0.7654901960784314,0.5789056304520223,-0.18658456562640913
setup3_noisy_minus_clean,1727101,point,0.1,1,0.35730858468677495,0.166532582461786,-0.19077600222498894
setup3_noisy_minus_clean,1727101,point,0.1,2,0.35730858468677495,0.4128289473684211,0.05552036268164612
setup3_noisy_minus_clean,1727101,point,0.1,3,0.35730858468677495,0.27773343974461295,-0.079575144942162
setup3_noisy_minus_clean,1727101,point,0.2,1,0.35730858468677495,0.0840064620355412,-0.27330212265123377
setup3_noisy_minus_clean,1727101,point,0.2,2,0.35730858468677495,0.41036184210526316,0.05305325741848821
setup3_noisy_minus_clean,1727101,point,0.2,3,0.35730858468677495,0.08319870759289176,-0.2741098770938832
setup3_noisy_minus_clean,173475,box,0.1,1,0.8833832571338484,0.856973917613823,-0.026409339520025332
setup3_noisy_minus_clean,173475,box,0.1,2,0.8833832571338484,0.8872347165030092,0.00385145936916087
setup3_noisy_minus_clean,173475,box,0.1,3,0.8833832571338484,0.8310635017505541,-0.05231975538329425
setup3_noisy_minus_clean,173475,box,0.2,1,0.8833832571338484,0.7254962407302745,-0.15788701640357383
setup3_noisy_minus_clean,173475,box,0.2,2,0.8833832571338484,0.8132175045406258,-0.07016575259322255
setup3_noisy_minus_clean,173475,box,0.2,3,0.8833832571338484,0.5704247998199183,-0.31295845731393
setup3_noisy_minus_clean,173475,point,0.1,1,0.0071733296635243925,0.20513658570150692,0.19796325603798254
setup3_noisy_minus_clean,173475,point,0.1,2,0.0071733296635243925,0.0030964012936076516,-0.004076928369916741
setup3_noisy_minus_clean,173475,point,0.1,3,0.0071733296635243925,0.003543659258239868,-0.0036296704052845245
setup3_noisy_minus_clean,173475,point,0.2,1,0.0071733296635243925,0.017959127502924378,0.010785797839399985
setup3_noisy_minus_clean,173475,point,0.2,2,0.0071733296635243925,0.024048716713686094,0.0168753870501617
setup3_noisy_minus_clean,173475,point,0.2,3,0.0071733296635243925,0.0337507741003234,0.026577444436799005
setup3_noisy_minus_clean,174678,box,0.1,1,0.9184226267733598,0.8287787555967269,-0.08964387117663297
setup3_noisy_minus_clean,174678,box,0.1,2,0.9184226267733598,0.7400884053043183,-0.17833422146904154
setup3_noisy_minus_clean,174678,box,0.1,3,0.9184226267733598,0.7586917656956568,-0.15973086107770307
setup3_noisy_minus_clean,174678,box,0.2,1,0.9184226267733598,0.020040007274049827,-0.89838261949931
setup3_noisy_minus_clean,174678,box,0.2,2,0.9184226267733598,0.6143252250005667,-0.3040974017727931
setup3_noisy_minus_clean,174678,box,0.2,3,0.9184226267733598,0.014323154751020906,-0.904099472022339
setup3_noisy_minus_clean,174678,point,0.1,1,0.004840062569427127,0.03619155568149617,0.03135149311206904
setup3_noisy_minus_clean,174678,point,0.1,2,0.004840062569427127,0.04028473623359253,0.0354446736641654
setup3_noisy_minus_clean,174678,point,0.1,3,0.004840062569427127,0.03667936162495466,0.03183929905552753
setup3_noisy_minus_clean,174678,point,0.2,1,0.004840062569427127,0.09528394865927294,0.09044388608984581
setup3_noisy_minus_clean,174678,point,0.2,2,0.004840062569427127,0.4790951231398683,0.47425506057044114
setup3_noisy_minus_clean,174678,point,0.2,3,0.004840062569427127,0.09925229409765492,0.0944122315282278
setup3_noisy_minus_clean,1798918,box,0.1,1,0.8027290239726027,0.6818842438232026,-0.12084478014940014
setup3_noisy_minus_clean,1798918,box,0.1,2,0.8027290239726027,0.707847749385224,-0.09488127458737872
setup3_noisy_minus_clean,1798918,box,0.1,3,0.8027290239726027,0.6247853340202645,-0.17794368995233822
setup3_noisy_minus_clean,1798918,box,0.2,1,0.8027290239726027,0.22805541652911923,-0.5746736074434835
setup3_noisy_minus_clean,1798918,box,0.2,2,0.8027290239726027,0.25709397294767083,-0.5456350510249319
setup3_noisy_minus_clean,1798918,box,0.2,3,0.8027290239726027,0.1490956879557916,-0.6536333360168112
setup3_noisy_minus_clean,1798918,point,0.1,1,0.08261586371130243,0.010904819887288126,-0.0717110438240143
setup3_noisy_minus_clean,1798918,point,0.1,2,0.08261586371130243,0.015236576403780051,-0.06737928730752238
setup3_noisy_minus_clean,1798918,point,0.1,3,0.08261586371130243,0.010937146428455977,-0.07167871728284646
setup3_noisy_minus_clean,1798918,point,0.2,1,0.08261586371130243,0.07008394125189918,-0.012531922459403252
setup3_noisy_minus_clean,1798918,point,0.2,2,0.08261586371130243,0.0007542859605831708,-0.08186157775071926
setup3_noisy_minus_clean,1798918,point,0.2,3,0.08261586371130243,0.006916910877434925,-0.0756989528338675
setup3_noisy_minus_clean,1825525,box,0.1,1,0.1639878872583275,0.04195804195804196,-0.12202984530028554
setup3_noisy_minus_clean,1825525,box,0.1,2,0.1639878872583275,0.13111111111111112,-0.032876776147216374
setup3_noisy_minus_clean,1825525,box,0.1,3,0.1639878872583275,0.055618188650883124,-0.10836969860744437
setup3_noisy_minus_clean,1825525,box,0.2,1,0.1639878872583275,0.032397408207343416,-0.1315904790509841
setup3_noisy_minus_clean,1825525,box,0.2,2,0.1639878872583275,0.15085771947527749,-0.013130167783050012
setup3_noisy_minus_clean,1825525,box,0.2,3,0.1639878872583275,0.059674502712477394,-0.1043133845458501
setup3_noisy_minus_clean,1825525,point,0.1,1,0.206645056726094,0.0008071025020177562,-0.20583795422407625
setup3_noisy_minus_clean,1825525,point,0.1,2,0.206645056726094,0.20853080568720378,0.0018857489611097678
setup3_noisy_minus_clean,1825525,point,0.1,3,0.206645056726094,0.20697858842188738,0.0003335316957933654
setup3_noisy_minus_clean,1825525,point,0.2,1,0.206645056726094,0.00014602270653086554,-0.20649903401956315
setup3_noisy_minus_clean,1825525,point,0.2,2,0.206645056726094,0.0,-0.206645056726094
setup3_noisy_minus_clean,1825525,point,0.2,3,0.206645056726094,0.0,-0.206645056726094
setup3_noisy_minus_clean,1880859,box,0.1,1,0.9389421370252041,0.939297124600639,0.0003549875754348397
setup3_noisy_minus_clean,1880859,box,0.1,2,0.9389421370252041,0.9367897727272727,-0.0021523642979314195
setup3_noisy_minus_clean,1880859,box,0.1,3,0.9389421370252041,0.9373888295980078,-0.0015533074271962821
setup3_noisy_minus_clean,1880859,box,0.2,1,0.9389421370252041,0.4725196288365453,-0.4664225081886588
setup3_noisy_minus_clean,1880859,box,0.2,2,0.9389421370252041,0.4768188302425107,-0.4621233067826934
setup3_noisy_minus_clean,1880859,box,0.2,3,0.9389421370252041,0.7229174115123347,-0.21602472551286944
setup3_noisy_minus_clean,1880859,point,0.1,1,0.4931899641577061,0.5306923625981442,0.03750239844043812
setup3_noisy_minus_clean,1880859,point,0.1,2,0.4931899641577061,0.7469664525339044,0.25377648837619826
setup3_noisy_minus_clean,1880859,point,0.1,3,0.4931899641577061,0.26642728904847396,-0.22676267510923215
setup3_noisy_minus_clean,1880859,point,0.2,1,0.4931899641577061,0.4594208080085806,-0.03376915614912551
setup3_noisy_minus_clean,1880859,point,0.2,2,0.4931899641577061,0.4628305932809149,-0.030359370876791192
setup3_noisy_minus_clean,1880859,point,0.2,3,0.4931899641577061,0.4687724335965542,-0.024417530561151923
setup3_noisy_minus_clean,1902534,box,0.1,1,0.9163815657073858,0.9095857272452373,-0.006795838462148485
setup3_noisy_minus_clean,1902534,box,0.1,2,0.9163815657073858,0.3974946532233425,-0.5188869124840434
setup3_noisy_minus_clean,1902534,box,0.1,3,0.9163815657073858,0.9063288583829615,-0.010052707324424315
setup3_noisy_minus_clean,1902534,box,0.2,1,0.9163815657073858,0.30701129541060346,-0.6093702702967824
setup3_noisy_minus_clean,1902534,box,0.2,2,0.9163815657073858,0.008008767492834261,-0.9083727982145515
setup3_noisy_minus_clean,1902534,box,0.2,3,0.9163815657073858,0.3968076453843026,-0.5195739203230832
setup3_noisy_minus_clean,1902534,point,0.1,1,0.9163650985122638,0.151034200286709,-0.7653308982255548
setup3_noisy_minus_clean,1902534,point,0.1,2,0.9163650985122638,0.1667520229437673,-0.7496130755684964
setup3_noisy_minus_clean,1902534,point,0.1,3,0.9163650985122638,0.9190873454618554,0.002722246949591667
setup3_noisy_minus_clean,1902534,point,0.2,1,0.9163650985122638,0.06340264263033904,-0.8529624558819248
setup3_noisy_minus_clean,1902534,point,0.2,2,0.9163650985122638,0.16572774761855988,-0.7506373508937039
setup3_noisy_minus_clean,1902534,point,0.2,3,0.9163650985122638,0.0845027143296118,-0.831862384182652
setup3_noisy_minus_clean,206430,box,0.1,1,0.8457963667089142,0.7851851851851852,-0.06061118152372902
setup3_noisy_minus_clean,206430,box,0.1,2,0.8457963667089142,0.8023538961038961,-0.04344247060501816
setup3_noisy_minus_clean,206430,box,0.1,3,0.8457963667089142,0.8367525098210389,-0.009043856887875346
setup3_noisy_minus_clean,206430,box,0.2,1,0.8457963667089142,0.7465677179962894,-0.09922864871262482
setup3_noisy_minus_clean,206430,box,0.2,2,0.8457963667089142,0.6487704918032787,-0.1970258749056355
setup3_noisy_minus_clean,206430,box,0.2,3,0.8457963667089142,0.7399756986634265,-0.10582066804548773
setup3_noisy_minus_clean,206430,point,0.1,1,0.18532455315145813,0.18203682202687013,-0.0032877311245879948
setup3_noisy_minus_clean,206430,point,0.1,2,0.18532455315145813,0.19634787420455593,0.011023321053097807
setup3_noisy_minus_clean,206430,point,0.1,3,0.18532455315145813,0.20993541977148533,0.024610866620027205
setup3_noisy_minus_clean,206430,point,0.2,1,0.18532455315145813,0.1817278224136503,-0.003596730737807835
setup3_noisy_minus_clean,206430,point,0.2,2,0.18532455315145813,0.22195704057279236,0.03663248742133424
setup3_noisy_minus_clean,206430,point,0.2,3,0.18532455315145813,0.1823925513342755,-0.0029320018171826168
setup3_noisy_minus_clean,2132347,box,0.1,1,0.5092474277286648,0.3903041042067304,-0.11894332352193443
setup3_noisy_minus_clean,2132347,box,0.1,2,0.5092474277286648,0.08512046440675954,-0.4241269633219053
setup3_noisy_minus_clean,2132347,box,0.1,3,0.5092474277286648,0.13113458487416765,-0.3781128428544972
setup3_noisy_minus_clean,2132347,box,0.2,1,0.5092474277286648,0.2542095270816611,-0.2550379006470037
setup3_noisy_minus_clean,2132347,box,0.2,2,0.5092474277286648,0.25630112272958155,-0.25294630499908327
setup3_noisy_minus_clean,2132347,box,0.2,3,0.5092474277286648,0.21033683699917888,-0.29891059072948595
setup3_noisy_minus_clean,2132347,point,0.1,1,0.004733696200578134,0.015325897918360806,0.010592201717782673
setup3_noisy_minus_clean,2132347,point,0.1,2,0.004733696200578134,0.0074670718750185485,0.0027333756744404147
setup3_noisy_minus_clean,2132347,point,0.1,3,0.004733696200578134,0.018872460275533767,0.014138764074955634
setup3_noisy_minus_clean,2132347,point,0.2,1,0.004733696200578134,0.015625649213820612,0.01089195301324248
setup3_noisy_minus_clean,2132347,point,0.2,2,0.004733696200578134,0.026918259899212336,0.022184563698634203
setup3_noisy_minus_clean,2132347,point,0.2,3,0.004733696200578134,0.004576400966326949,-0.0001572952342511853
setup3_noisy_minus_clean,2191728,box,0.1,1,0.7395833333333334,0.6785515320334262,-0.06103180129990715
setup3_noisy_minus_clean,2191728,box,0.1,2,0.7395833333333334,0.697738554881412,-0.04184477845192136
setup3_noisy_minus_clean,2191728,box,0.1,3,0.7395833333333334,0.4895833333333333,-0.25000000000000006
setup3_noisy_minus_clean,2191728,box,0.2,1,0.7395833333333334,0.5294117647058824,-0.210171568627451
setup3_noisy_minus_clean,2191728,box,0.2,2,0.7395833333333334,0.37973967176004525,-0.3598436615732881
setup3_noisy_minus_clean,2191728,box,0.2,3,0.7395833333333334,0.012540894220283533,-0.7270424391130499
setup3_noisy_minus_clean,2191728,point,0.1,1,0.1978021978021978,0.34110289937464466,0.14330070157244687
setup3_noisy_minus_clean,2191728,point,0.1,2,0.1978021978021978,0.6744060475161987,0.47660384971400094
setup3_noisy_minus_clean,2191728,point,0.1,3,0.1978021978021978,0.012790306294177045,-0.18501189150802075
setup3_noisy_minus_clean,2191728,point,0.2,1,0.1978021978021978,0.5735702387562466,0.3757680409540488
setup3_noisy_minus_clean,2191728,point,0.2,2,0.1978021978021978,0.6828729281767956,0.4850707303745978
setup3_noisy_minus_clean,2191728,point,0.2,3,0.1978021978021978,0.010388739946380697,-0.1874134578558171
setup3_noisy_minus_clean,2194765,box,0.1,1,0.9086422586939057,0.8426221886441565,-0.06602007004974919
setup3_noisy_minus_clean,2194765,box,0.1,2,0.9086422586939057,0.8835553514010106,-0.02508690729289509
setup3_noisy_minus_clean,2194765,box,0.1,3,0.9086422586939057,0.827746470690757,-0.08089578800314867
setup3_noisy_minus_clean,2194765,box,0.2,1,0.9086422586939057,0.6814556040756914,-0.2271866546182143
setup3_noisy_minus_clean,2194765,box,0.2,2,0.9086422586939057,0.002362340005154196,-0.9062799186887515
setup3_noisy_minus_clean,2194765,box,0.2,3,0.9086422586939057,0.42571935243979175,-0.48292290625411394
setup3_noisy_minus_clean,2194765,point,0.1,1,0.9104279617026185,0.9123414071510957,0.001913445448477158
setup3_noisy_minus_clean,2194765,point,0.1,2,0.9104279617026185,0.8918528783417057,-0.018575083360912847
setup3_noisy_minus_clean,2194765,point,0.1,3,0.9104279617026185,0.9198778872184782,0.009449925515859658
setup3_noisy_minus_clean,2194765,point,0.2,1,0.9104279617026185,0.8743930635838151,-0.03603489811880345
setup3_noisy_minus_clean,2194765,point,0.2,2,0.9104279617026185,0.7262042612320518,-0.1842237004705667
setup3_noisy_minus_clean,2194765,point,0.2,3,0.9104279617026185,0.9384421390496933,0.028014177347074787
setup3_noisy_minus_clean,2215064,box,0.1,1,0.7602739726027398,0.75,-0.010273972602739767
setup3_noisy_minus_clean,2215064,box,0.1,2,0.7602739726027398,0.75,-0.010273972602739767
setup3_noisy_minus_clean,2215064,box,0.1,3,0.7602739726027398,0.7724137931034483,0.012139820500708498
setup3_noisy_minus_clean,2215064,box,0.2,1,0.7602739726027398,0.7655172413793103,0.005243268776570553
setup3_noisy_minus_clean,2215064,box,0.2,2,0.7602739726027398,0.7465753424657534,-0.013698630136986356
setup3_noisy_minus_clean,2215064,box,0.2,3,0.7602739726027398,0.7619047619047619,0.0016307893020220954
setup3_noisy_minus_clean,2215064,point,0.1,1,0.7516778523489933,0.7516778523489933,0.0
setup3_noisy_minus_clean,2215064,point,0.1,2,0.7516778523489933,0.7516778523489933,0.0
setup3_noisy_minus_clean,2215064,point,0.1,3,0.7516778523489933,0.7516778523489933,0.0
setup3_noisy_minus_clean,2215064,point,0.2,1,0.7516778523489933,0.7417218543046358,-0.009955998044357539
setup3_noisy_minus_clean,2215064,point,0.2,2,0.7516778523489933,0.7516778523489933,0.0
setup3_noisy_minus_clean,2215064,point,0.2,3,0.7516778523489933,0.7516778523489933,0.0
setup3_noisy_minus_clean,2227685,box,0.1,1,0.7952640286777884,0.0005838192770256812,-0.7946802094007628
setup3_noisy_minus_clean,2227685,box,0.1,2,0.7952640286777884,0.04520817935452082,-0.7500558493232676
setup3_noisy_minus_clean,2227685,box,0.1,3,0.7952640286777884,0.2823709327252618,-0.5128930959525266
setup3_noisy_minus_clean,2227685,box,0.2,1,0.7952640286777884,0.3215613748598186,-0.47370265381796983
setup3_noisy_minus_clean,2227685,box,0.2,2,0.7952640286777884,0.3463897485169089,-0.44887428016087955
setup3_noisy_minus_clean,2227685,box,0.2,3,0.7952640286777884,0.16384733597711537,-0.631416692700673
setup3_noisy_minus_clean,2227685,point,0.1,1,0.06273611023500635,0.06959776277886415,0.006861652543857802
setup3_noisy_minus_clean,2227685,point,0.1,2,0.06273611023500635,0.3073781462999444,0.24464203606493806
setup3_noisy_minus_clean,2227685,point,0.1,3,0.06273611023500635,0.8053341213337365,0.7425980110987301
setup3_noisy_minus_clean,2227685,point,0.2,1,0.06273611023500635,0.06784555324263897,0.005109443007632622
setup3_noisy_minus_clean,2227685,point,0.2,2,0.06273611023500635,0.2225870591035748,0.15985094886856843
setup3_noisy_minus_clean,2227685,point,0.2,3,0.06273611023500635,0.26296376654371884,0.20022765630871248
setup3_noisy_minus_clean,332298,box,0.1,1,0.8944112661777053,0.00038823986164543113,-0.8940230263160599
setup3_noisy_minus_clean,332298,box,0.1,2,0.8944112661777053,0.07307889920041104,-0.8213323669772943
setup3_noisy_minus_clean,332298,box,0.1,3,0.8944112661777053,0.2759702934683716,-0.6184409727093336
setup3_noisy_minus_clean,332298,box,0.2,1,0.8944112661777053,0.0003881905380320857,-0.8940230756396732
setup3_noisy_minus_clean,332298,box,0.2,2,0.8944112661777053,0.015680878129175235,-0.87873038804853
setup3_noisy_minus_clean,332298,box,0.2,3,0.8944112661777053,0.00023931787567778241,-0.8941719483020275
setup3_noisy_minus_clean,332298,point,0.1,1,0.7072427608377516,0.6477708129599051,-0.05947194787784649
setup3_noisy_minus_clean,332298,point,0.1,2,0.7072427608377516,0.599287070713573,-0.1079556901241786
setup3_noisy_minus_clean,332298,point,0.1,3,0.7072427608377516,0.005569685457647854,-0.7016730753801038
setup3_noisy_minus_clean,332298,point,0.2,1,0.7072427608377516,0.7667002028138424,0.05945744197609082
setup3_noisy_minus_clean,332298,point,0.2,2,0.7072427608377516,0.6262940789368088,-0.08094868190094284
setup3_noisy_minus_clean,332298,point,0.2,3,0.7072427608377516,0.013014712984128006,-0.6942280478536236
setup3_noisy_minus_clean,339546,box,0.1,1,0.949780701754386,0.9399270542801974,-0.009853647474188598
setup3_noisy_minus_clean,339546,box,0.1,2,0.949780701754386,0.9456973943507773,-0.004083307403608738
setup3_noisy_minus_clean,339546,box,0.1,3,0.949780701754386,0.9469084553200786,-0.0028722464343073906
setup3_noisy_minus_clean,339546,box,0.2,1,0.949780701754386,0.00781831720029784,-0.9419623845540882
setup3_noisy_minus_clean,339546,box,0.2,2,0.949780701754386,0.0,-0.949780701754386
setup3_noisy_minus_clean,339546,box,0.2,3,0.949780701754386,0.0009165902841429881,-0.948864111470243
setup3_noisy_minus_clean,339546,point,0.1,1,0.6128109178956637,0.8610460577673692,0.24823513987170553
setup3_noisy_minus_clean,339546,point,0.1,2,0.6128109178956637,0.8905522961764111,0.2777413782807474
setup3_noisy_minus_clean,339546,point,0.1,3,0.6128109178956637,0.054989816700611,-0.5578211011950527
setup3_noisy_minus_clean,339546,point,0.2,1,0.6128109178956637,0.8794651766114548,0.2666542587157912
setup3_noisy_minus_clean,339546,point,0.2,2,0.6128109178956637,0.8976137058943504,0.28480278799868675
setup3_noisy_minus_clean,339546,point,0.2,3,0.6128109178956637,0.9100124120810923,0.2972014941854286
setup3_noisy_minus_clean,341957,box,0.1,1,0.7946567862714509,0.6894870492635856,-0.10516973700786525
setup3_noisy_minus_clean,341957,box,0.1,2,0.7946567862714509,0.6735192346834927,-0.12113755158795814
setup3_noisy_minus_clean,341957,box,0.1,3,0.7946567862714509,0.7867317073170732,-0.007925078954377662
setup3_noisy_minus_clean,341957,box,0.2,1,0.7946567862714509,0.6389452332657201,-0.1557115530057308
setup3_noisy_minus_clean,341957,box,0.2,2,0.7946567862714509,0.6415726912526669,-0.15308409501878395
setup3_noisy_minus_clean,341957,box,0.2,3,0.7946567862714509,0.5635513088484124,-0.23110547742303844
setup3_noisy_minus_clean,341957,point,0.1,1,0.06900189913483858,0.0021937487866433704,-0.0668081503481952
setup3_noisy_minus_clean,341957,point,0.1,2,0.06900189913483858,0.002461812824687912,-0.06654008631015067
setup3_noisy_minus_clean,341957,point,0.1,3,0.06900189913483858,0.793935825728584,0.7249339265937454
setup3_noisy_minus_clean,341957,point,0.2,1,0.06900189913483858,0.0019996893686417645,-0.06700220976619681
setup3_noisy_minus_clean,341957,point,0.2,2,0.06900189913483858,0.002116463757985282,-0.06688543537685329
setup3_noisy_minus_clean,341957,point,0.2,3,0.06900189913483858,0.14918759231905465,0.08018569318421608
setup3_noisy_minus_clean,36588,box,0.1,1,0.9678236014699878,0.32760954991249214,-0.6402140515574957
setup3_noisy_minus_clean,36588,box,0.1,2,0.9678236014699878,0.7124630055902663,-0.2553605958797215
setup3_noisy_minus_clean,36588,box,0.1,3,0.9678236014699878,0.7115170014441381,-0.2563066000258497
setup3_noisy_minus_clean,36588,box,0.2,1,0.9678236014699878,0.2819166501552077,-0.6859069513147801
setup3_noisy_minus_clean,36588,box,0.2,2,0.9678236014699878,0.2356654554412761,-0.7321581460287117
setup3_noisy_minus_clean,36588,box,0.2,3,0.9678236014699878,8.02283068388901e-05,-0.967743373163149
setup3_noisy_minus_clean,36588,point,0.1,1,0.6997714078971171,0.6875102711585866,-0.012261136738530465
setup3_noisy_minus_clean,36588,point,0.1,2,0.6997714078971171,0.701029232843379,0.0012578249462619207
setup3_noisy_minus_clean,36588,point,0.1,3,0.6997714078971171,0.7043248304068593,0.004553422509742222
setup3_noisy_minus_clean,36588,point,0.2,1,0.6997714078971171,0.0028902688775847263,-0.6968811390195324
setup3_noisy_minus_clean,36588,point,0.2,2,0.6997714078971171,0.7004538577912254,0.0006824498941082613
setup3_noisy_minus_clean,36588,point,0.2,3,0.6997714078971171,2.0170440219857798e-05,-0.6997512374568973
setup3_noisy_minus_clean,37495,box,0.1,1,0.8557971014492753,0.8573497465604635,0.0015526451111881334
setup3_noisy_minus_clean,37495,box,0.1,2,0.8557971014492753,0.8578754578754578,0.0020783564261824816
setup3_noisy_minus_clean,37495,box,0.1,3,0.8557971014492753,0.8523391812865497,-0.003457920162725614
setup3_noisy_minus_clean,37495,box,0.2,1,0.8557971014492753,0.8344274252370533,-0.021369676212222077
setup3_noisy_minus_clean,37495,box,0.2,2,0.8557971014492753,0.8523238380809596,-0.003473263368315771
setup3_noisy_minus_clean,37495,box,0.2,3,0.8557971014492753,0.8583086053412463,0.0025115038919709676
setup3_noisy_minus_clean,37495,point,0.1,1,0.8534985422740525,0.8555798687089715,0.002081326434918984
setup3_noisy_minus_clean,37495,point,0.1,2,0.8534985422740525,0.8557902403495994,0.0022916980755468552
setup3_noisy_minus_clean,37495,point,0.1,3,0.8534985422740525,0.8525547445255475,-0.0009437977485050597
setup3_noisy_minus_clean,37495,point,0.2,1,0.8534985422740525,0.0008393564933550944,-0.8526591857806974
setup3_noisy_minus_clean,37495,point,0.2,2,0.8534985422740525,0.8534107402031931,-8.780207085945513e-05
setup3_noisy_minus_clean,37495,point,0.2,3,0.8534985422740525,0.00045372050816696913,-0.8530448217658856
setup3_noisy_minus_clean,451372,box,0.1,1,0.928923988153998,0.9215442092154421,-0.007379778938555903
setup3_noisy_minus_clean,451372,box,0.1,2,0.928923988153998,0.9291707798617966,0.0002467917077986215
setup3_noisy_minus_clean,451372,box,0.1,3,0.928923988153998,0.9223880597014925,-0.006535928452505502
setup3_noisy_minus_clean,451372,box,0.2,1,0.928923988153998,0.7803295057413879,-0.14859448241261008
setup3_noisy_minus_clean,451372,box,0.2,2,0.928923988153998,0.5956805625313912,-0.3332434256226068
setup3_noisy_minus_clean,451372,box,0.2,3,0.928923988153998,0.35453859693236106,-0.574385391221637
setup3_noisy_minus_clean,451372,point,0.1,1,0.5191681282886494,0.5200400801603207,0.0008719518716712171
setup3_noisy_minus_clean,451372,point,0.1,2,0.5191681282886494,0.5189175645201703,-0.0002505637684790951
setup3_noisy_minus_clean,451372,point,0.1,3,0.5191681282886494,0.5189175645201703,-0.0002505637684790951
setup3_noisy_minus_clean,451372,point,0.2,1,0.5191681282886494,3.3829499323410016e-05,-0.519134298789326
setup3_noisy_minus_clean,451372,point,0.2,2,0.5191681282886494,0.5172932330827068,-0.0018748952059426394
setup3_noisy_minus_clean,451372,point,0.2,3,0.5191681282886494,0.22724961870869345,-0.291918509579956
setup3_noisy_minus_clean,474954,box,0.1,1,0.7698661820584835,0.210160619127422,-0.5597055629310614
setup3_noisy_minus_clean,474954,box,0.1,2,0.7698661820584835,0.29832974137931034,-0.4715364406791731
setup3_noisy_minus_clean,474954,box,0.1,3,0.7698661820584835,0.22183874660424746,-0.548027435454236
setup3_noisy_minus_clean,474954,box,0.2,1,0.7698661820584835,0.11196229745207383,-0.6579038846064096
setup3_noisy_minus_clean,474954,box,0.2,2,0.7698661820584835,0.38186607876840295,-0.3880001032900805
setup3_noisy_minus_clean,474954,box,0.2,3,0.7698661820584835,0.05240807522496714,-0.7174581068335163
setup3_noisy_minus_clean,474954,point,0.1,1,0.008762342654707168,0.3469899822114034,0.33822763955669627
setup3_noisy_minus_clean,474954,point,0.1,2,0.008762342654707168,0.11302876480541456,0.10426642215070739
setup3_noisy_minus_clean,474954,point,0.1,3,0.008762342654707168,0.032618527172684104,0.023856184517976935
setup3_noisy_minus_clean,474954,point,0.2,1,0.008762342654707168,0.3616399887672002,0.35287764611249306
setup3_noisy_minus_clean,474954,point,0.2,2,0.008762342654707168,0.024173266769265418,0.01541092411455825
setup3_noisy_minus_clean,474954,point,0.2,3,0.008762342654707168,0.039596317147107,0.03083397449239983
setup3_noisy_minus_clean,48965,box,0.1,1,0.5351377386926865,0.46272141929422167,-0.07241631939846488
setup3_noisy_minus_clean,48965,box,0.1,2,0.5351377386926865,0.4327543079488605,-0.10238343074382605
setup3_noisy_minus_clean,48965,box,0.1,3,0.5351377386926865,0.06407324245225963,-0.4710644962404269
setup3_noisy_minus_clean,48965,box,0.2,1,0.5351377386926865,0.4634447804891522,-0.07169295820353433
setup3_noisy_minus_clean,48965,box,0.2,2,0.5351377386926865,0.46935756110775384,-0.06578017758493271
setup3_noisy_minus_clean,48965,box,0.2,3,0.5351377386926865,0.25946617438858505,-0.2756715643041015
setup3_noisy_minus_clean,48965,point,0.1,1,0.4622940627914206,0.46235727262051957,6.320982909896466e-05
setup3_noisy_minus_clean,48965,point,0.1,2,0.4622940627914206,0.4628162535139279,0.0005221907225073097
setup3_noisy_minus_clean,48965,point,0.1,3,0.4622940627914206,0.46298355515343226,0.0006894923620116566
setup3_noisy_minus_clean,48965,point,0.2,1,0.4622940627914206,0.4628057499291966,0.0005116871377759957
setup3_noisy_minus_clean,48965,point,0.2,2,0.4622940627914206,0.4782400333379636,0.01594597054654301
setup3_noisy_minus_clean,48965,point,0.2,3,0.4622940627914206,0.4630686135016784,0.000774550710257782
setup3_noisy_minus_clean,506923,box,0.1,1,0.7273098409969918,0.16793629556097456,-0.5593735454360172
setup3_noisy_minus_clean,506923,box,0.1,2,0.7273098409969918,0.4705694992992738,-0.25674034169771803
setup3_noisy_minus_clean,506923,box,0.1,3,0.7273098409969918,0.4618252690449962,-0.2654845719519956
setup3_noisy_minus_clean,506923,box,0.2,1,0.7273098409969918,0.11526046986721145,-0.6120493711297803
setup3_noisy_minus_clean,506923,box,0.2,2,0.7273098409969918,0.12321957747825256,-0.6040902635187393
setup3_noisy_minus_clean,506923,box,0.2,3,0.7273098409969918,0.06265733711272771,-0.6646525038842641
setup3_noisy_minus_clean,506923,point,0.1,1,0.7122337059692048,0.09353602342707032,-0.6186976825421344
setup3_noisy_minus_clean,506923,point,0.1,2,0.7122337059692048,0.7099209125797765,-0.002312793389428247
setup3_noisy_minus_clean,506923,point,0.1,3,0.7122337059692048,0.7030369081801605,-0.009196797789044253
setup3_noisy_minus_clean,506923,point,0.2,1,0.7122337059692048,0.09814854682454252,-0.6140851591446622
setup3_noisy_minus_clean,506923,point,0.2,2,0.7122337059692048,0.6919490913591452,-0.020284614610059593
setup3_noisy_minus_clean,506923,point,0.2,3,0.7122337059692048,0.7140194124831266,0.0017857065139218475
setup3_noisy_minus_clean,518621,box,0.1,1,0.8765504208898814,0.16535433070866143,-0.71119609018122
setup3_noisy_minus_clean,518621,box,0.1,2,0.8765504208898814,0.09246718793633063,-0.7840832329535508
setup3_noisy_minus_clean,518621,box,0.1,3,0.8765504208898814,0.7256637168141593,-0.15088670407572213
setup3_noisy_minus_clean,518621,box,0.2,1,0.8765504208898814,0.10076712138567809,-0.7757832995042033
setup3_noisy_minus_clean,518621,box,0.2,2,0.8765504208898814,0.0,-0.8765504208898814
setup3_noisy_minus_clean,518621,box,0.2,3,0.8765504208898814,0.012737293325168401,-0.8638131275647131
setup3_noisy_minus_clean,518621,point,0.1,1,0.005663147591414388,0.07012216404886562,0.06445901645745124
setup3_noisy_minus_clean,518621,point,0.1,2,0.005663147591414388,0.07880482264546566,0.07314167505405128
setup3_noisy_minus_clean,518621,point,0.1,3,0.005663147591414388,0.18546558280710324,0.17980243521568884
setup3_noisy_minus_clean,518621,point,0.2,1,0.005663147591414388,0.0006077298059143747,-0.0050554177855000135
setup3_noisy_minus_clean,518621,point,0.2,2,0.005663147591414388,0.0026532904675214005,-0.0030098571238929878
setup3_noisy_minus_clean,518621,point,0.2,3,0.005663147591414388,0.19170532631064913,0.18604217871923473
setup3_noisy_minus_clean,585805,box,0.1,1,0.8348104382077794,0.39054899235580265,-0.4442614458519768
setup3_noisy_minus_clean,585805,box,0.1,2,0.8348104382077794,0.24505797901711762,-0.5897524591906618
setup3_noisy_minus_clean,585805,box,0.1,3,0.8348104382077794,0.7514851485148515,-0.08332528969292796
setup3_noisy_minus_clean,585805,box,0.2,1,0.8348104382077794,0.4924066924066924,-0.34240374580108707
setup3_noisy_minus_clean,585805,box,0.2,2,0.8348104382077794,0.04823331463825014,-0.7865771235695294
setup3_noisy_minus_clean,585805,box,0.2,3,0.8348104382077794,0.41289198606271776,-0.4219184521450617
setup3_noisy_minus_clean,585805,point,0.1,1,0.3156046161565479,0.5336059289547662,0.21800131279821833
setup3_noisy_minus_clean,585805,point,0.1,2,0.3156046161565479,0.3476461458872219,0.032041529730674034
setup3_noisy_minus_clean,585805,point,0.1,3,0.3156046161565479,0.3151819322459222,-0.00042268391062566524
setup3_noisy_minus_clean,585805,point,0.2,1,0.3156046161565479,0.46993548387096773,0.15433086771441984
setup3_noisy_minus_clean,585805,point,0.2,2,0.3156046161565479,0.04798571587992412,-0.2676189002766238
setup3_noisy_minus_clean,585805,point,0.2,3,0.3156046161565479,0.31446540880503143,-0.001139207351516458
setup3_noisy_minus_clean,592288,box,0.1,1,0.9023273496644517,0.014586532134239966,-0.8877408175302117
setup3_noisy_minus_clean,592288,box,0.1,2,0.9023273496644517,0.00023194552593648005,-0.9020954041385152
setup3_noisy_minus_clean,592288,box,0.1,3,0.9023273496644517,0.016261188668621245,-0.8860661609958305
setup3_noisy_minus_clean,592288,box,0.2,1,0.9023273496644517,0.014744761407402572,-0.8875825882570492
setup3_noisy_minus_clean,592288,box,0.2,2,0.9023273496644517,0.00784748856244623,-0.8944798611020055
setup3_noisy_minus_clean,592288,box,0.2,3,0.9023273496644517,0.377844390712464,-0.5244829589519877
setup3_noisy_minus_clean,592288,point,0.1,1,0.8428500496524329,0.8860945767195767,0.04324452706714377
setup3_noisy_minus_clean,592288,point,0.1,2,0.8428500496524329,0.8517918004036928,0.008941750751259914
setup3_noisy_minus_clean,592288,point,0.1,3,0.8428500496524329,0.4829773141248551,-0.3598727355275778
setup3_noisy_minus_clean,592288,point,0.2,1,0.8428500496524329,0.010626546672032744,-0.8322235029804002
setup3_noisy_minus_clean,592288,point,0.2,2,0.8428500496524329,0.0094255234561357,-0.8334245261962973
setup3_noisy_minus_clean,592288,point,0.2,3,0.8428500496524329,0.008607058300640187,-0.8342429913517927
setup3_noisy_minus_clean,595505,box,0.1,1,0.8431446858682836,0.5216792112795505,-0.3214654745887331
setup3_noisy_minus_clean,595505,box,0.1,2,0.8431446858682836,0.7868069847870828,-0.05633770108120084
setup3_noisy_minus_clean,595505,box,0.1,3,0.8431446858682836,0.4795859689476711,-0.36355871692061253
setup3_noisy_minus_clean,595505,box,0.2,1,0.8431446858682836,4.3331937082027354e-05,-0.8431013539312016
setup3_noisy_minus_clean,595505,box,0.2,2,0.8431446858682836,0.7276218926704363,-0.1155227931978473
setup3_noisy_minus_clean,595505,box,0.2,3,0.8431446858682836,0.35836287463744765,-0.48478181123083597
setup3_noisy_minus_clean,595505,point,0.1,1,0.8358631770326836,0.8404345074878717,0.004571330455188094
setup3_noisy_minus_clean,595505,point,0.1,2,0.8358631770326836,0.816837677649608,-0.019025499383075628
setup3_noisy_minus_clean,595505,point,0.1,3,0.8358631770326836,0.8429265202702703,0.007063343237586617
setup3_noisy_minus_clean,595505,point,0.2,1,0.8358631770326836,0.8396983548543383,0.003835177821654656
setup3_noisy_minus_clean,595505,point,0.2,2,0.8358631770326836,0.013772622608620801,-0.8220905544240629
setup3_noisy_minus_clean,595505,point,0.2,3,0.8358631770326836,0.010112346415085516,-0.8257508306175981
setup3_noisy_minus_clean,601827,box,0.1,1,0.9241748438893844,0.9232485497545738,-0.0009262941348106013
setup3_noisy_minus_clean,601827,box,0.1,2,0.9241748438893844,0.9251456745853878,0.0009708306960033442
setup3_noisy_minus_clean,601827,box,0.1,3,0.9241748438893844,0.9249665029030817,0.0007916590136972657
setup3_noisy_minus_clean,601827,box,0.2,1,0.9241748438893844,0.5954954954954955,-0.3286793483938889
setup3_noisy_minus_clean,601827,box,0.2,2,0.9241748438893844,0.19700068166325835,-0.7271741622261261
setup3_noisy_minus_clean,601827,box,0.2,3,0.9241748438893844,0.8776881720430108,-0.04648667184637367
setup3_noisy_minus_clean,601827,point,0.1,1,0.8815612382234186,0.923455684870188,0.041894446646769445
setup3_noisy_minus_clean,601827,point,0.1,2,0.8815612382234186,0.9246208742194469,0.043059635996028356
setup3_noisy_minus_clean,601827,point,0.1,3,0.8815612382234186,0.8699369936993699,-0.011624244524048644
setup3_noisy_minus_clean,601827,point,0.2,1,0.8815612382234186,0.9250334672021419,0.04347222897872327
setup3_noisy_minus_clean,601827,point,0.2,2,0.8815612382234186,0.9246544806063308,0.043093242382912234
setup3_noisy_minus_clean,601827,point,0.2,3,0.8815612382234186,0.922077922077922,0.040516683854503466
setup3_noisy_minus_clean,613127,box,0.1,1,0.7306892247954514,0.6711563261212208,-0.05953289867423062
setup3_noisy_minus_clean,613127,box,0.1,2,0.7306892247954514,0.6527617951668585,-0.07792742962859289
setup3_noisy_minus_clean,613127,box,0.1,3,0.7306892247954514,0.6401319563970166,-0.09055726839843481
setup3_noisy_minus_clean,613127,box,0.2,1,0.7306892247954514,0.6247519138077686,-0.10593731098768278
setup3_noisy_minus_clean,613127,box,0.2,2,0.7306892247954514,0.5716530932990427,-0.15903613149640872
setup3_noisy_minus_clean,613127,box,0.2,3,0.7306892247954514,0.5643706143491336,-0.1663186104463178
setup3_noisy_minus_clean,613127,point,0.1,1,0.7105156313438896,0.14255243512264487,-0.5679631962212448
setup3_noisy_minus_clean,613127,point,0.1,2,0.7105156313438896,0.10211736237144585,-0.6083982689724438
setup3_noisy_minus_clean,613127,point,0.1,3,0.7105156313438896,0.0,-0.7105156313438896
setup3_noisy_minus_clean,613127,point,0.2,1,0.7105156313438896,0.014877479579929988,-0.6956381517639596
setup3_noisy_minus_clean,613127,point,0.2,2,0.7105156313438896,0.0,-0.7105156313438896
setup3_noisy_minus_clean,613127,point,0.2,3,0.7105156313438896,0.0,-0.7105156313438896
setup3_noisy_minus_clean,648400,box,0.1,1,0.8562587904360056,0.789458010720667,-0.0668007797153386
setup3_noisy_minus_clean,648400,box,0.1,2,0.8562587904360056,0.8514431239388794,-0.00481566649712617
setup3_noisy_minus_clean,648400,box,0.1,3,0.8562587904360056,0.8512649430080623,-0.004993847427943288
setup3_noisy_minus_clean,648400,box,0.2,1,0.8562587904360056,0.5847482871611558,-0.2715105032748498
setup3_noisy_minus_clean,648400,box,0.2,2,0.8562587904360056,0.8482352941176471,-0.008023496318358525
setup3_noisy_minus_clean,648400,box,0.2,3,0.8562587904360056,0.4933441999456669,-0.3629145904903387
setup3_noisy_minus_clean,648400,point,0.1,1,0.770516717325228,0.823980290172461,0.05346357284723302
setup3_noisy_minus_clean,648400,point,0.1,2,0.770516717325228,0.7444388270980788,-0.026077890227149125
setup3_noisy_minus_clean,648400,point,0.1,3,0.770516717325228,0.01762246117084827,-0.7528942561543797
setup3_noisy_minus_clean,648400,point,0.2,1,0.770516717325228,0.8488964346349746,0.07837971730974658
setup3_noisy_minus_clean,648400,point,0.2,2,0.770516717325228,0.00016560509554140127,-0.7703511122296866
setup3_noisy_minus_clean,648400,point,0.2,3,0.770516717325228,0.008134920634920636,-0.7623817966903074
setup3_noisy_minus_clean,657044,box,0.1,1,0.8950512794981579,0.8192349945071408,-0.07581628499101711
setup3_noisy_minus_clean,657044,box,0.1,2,0.8950512794981579,0.09563642635391514,-0.7994148531442428
setup3_noisy_minus_clean,657044,box,0.1,3,0.8950512794981579,0.8190954773869347,-0.07595580211122321
setup3_noisy_minus_clean,657044,box,0.2,1,0.8950512794981579,0.8165055317452407,-0.07854574775291723
setup3_noisy_minus_clean,657044,box,0.2,2,0.8950512794981579,0.05159044152555784,-0.8434608379726001
setup3_noisy_minus_clean,657044,box,0.2,3,0.8950512794981579,0.5790215421783773,-0.31602973731978057
setup3_noisy_minus_clean,657044,point,0.1,1,0.8091190880911909,0.8100379924015197,0.0009189043103288164
setup3_noisy_minus_clean,657044,point,0.1,2,0.8091190880911909,0.8100620124024805,0.0009429243112896168
setup3_noisy_minus_clean,657044,point,0.1,3,0.8091190880911909,0.8072807280728073,-0.0018383600183836668
setup3_noisy_minus_clean,657044,point,0.2,1,0.8091190880911909,0.7993601919424173,-0.009758896148773677
setup3_noisy_minus_clean,657044,point,0.2,2,0.8091190880911909,0.17915407854984894,-0.629965009541342
setup3_noisy_minus_clean,657044,point,0.2,3,0.8091190880911909,0.0017985611510791368,-0.8073205269401118
setup3_noisy_minus_clean,658626,box,0.1,1,0.7284500202347228,0.7449392712550608,0.016489251020337936
setup3_noisy_minus_clean,658626,box,0.1,2,0.7284500202347228,0.7670178282009724,0.03856780796624959
setup3_noisy_minus_clean,658626,box,0.1,3,0.7284500202347228,0.6549210206561361,-0.07352899957858672
setup3_noisy_minus_clean,658626,box,0.2,1,0.7284500202347228,0.7519125683060109,0.023462548071288114
setup3_noisy_minus_clean,658626,box,0.2,2,0.7284500202347228,0.05546935608999224,-0.6729806641447306
setup3_noisy_minus_clean,658626,box,0.2,3,0.7284500202347228,0.2040485829959514,-0.5244014372387714
setup3_noisy_minus_clean,658626,point,0.1,1,0.6463339494762785,0.5796119494918386,-0.06672199998443995
setup3_noisy_minus_clean,658626,point,0.1,2,0.6463339494762785,0.642791551882461,-0.003542397593817581
setup3_noisy_minus_clean,658626,point,0.1,3,0.6463339494762785,0.6470951792336218,0.0007612297573432736
setup3_noisy_minus_clean,658626,point,0.2,1,0.6463339494762785,0.680604696043744,0.03427074656746543
setup3_noisy_minus_clean,658626,point,0.2,2,0.6463339494762785,0.617802676626206,-0.02853127285007251
setup3_noisy_minus_clean,658626,point,0.2,3,0.6463339494762785,0.6499844575691638,0.003650508092885252
setup3_noisy_minus_clean,683127,box,0.1,1,0.9126577013725219,0.8458247066942719,-0.06683299467824999
setup3_noisy_minus_clean,683127,box,0.1,2,0.9126577013725219,0.39622436801562333,-0.5164333333568986
setup3_noisy_minus_clean,683127,box,0.1,3,0.9126577013725219,0.9156106391867428,0.0029529378142209017
setup3_noisy_minus_clean,683127,box,0.2,1,0.9126577013725219,0.5517337031900139,-0.360923998182508
setup3_noisy_minus_clean,683127,box,0.2,2,0.9126577013725219,0.020680384655154586,-0.8919773167173674
setup3_noisy_minus_clean,683127,box,0.2,3,0.9126577013725219,0.2746650426309379,-0.6379926587415841
setup3_noisy_minus_clean,683127,point,0.1,1,0.4407563025210084,0.44249894943269363,0.0017426469116852417
setup3_noisy_minus_clean,683127,point,0.1,2,0.4407563025210084,0.44360375507916494,0.002847452558156549
setup3_noisy_minus_clean,683127,point,0.1,3,0.4407563025210084,0.3988552282563172,-0.041901074264691196
setup3_noisy_minus_clean,683127,point,0.2,1,0.4407563025210084,0.5081967213114754,0.06744041879046703
setup3_noisy_minus_clean,683127,point,0.2,2,0.4407563025210084,0.4445845593386577,0.0038282568176493115
setup3_noisy_minus_clean,683127,point,0.2,3,0.4407563025210084,0.40281847355936934,-0.03793782896163905
