model,image_id,annotation_id,prompt_type,noise_level,trial,iou,seconds,status,seed,prompt_id,encode_seconds,predicted_score,error,committed_iou,abs_diff
mobile_sam,521282,1152444,point,0,0,0.6357908825305629,0.15330309999990277,ok,2026,ann1152444_point_n00_t0,1.2923657000001185,0.5477190613746643,,0.6357908825305629,0.0
mobile_sam,521282,1152444,box,0,0,0.881188438039045,0.07762599999978192,ok,2026,ann1152444_box_n00_t0,1.2923657000001185,0.9788200855255127,,0.881188438039045,0.0
mobile_sam,260925,144786,point,0,0,0.0071214279220582445,0.06054040000026362,ok,2026,ann144786_point_n00_t0,0.998308399999587,0.6347870826721191,,0.0071214279220582445,0.0
mobile_sam,260925,144786,box,0,0,0.8768312656488262,0.09351120000019364,ok,2026,ann144786_box_n00_t0,0.998308399999587,0.9750134944915771,,0.8768312656488262,0.0
mobile_sam,54592,613127,point,0,0,0.6826769558275678,0.060064799999963725,ok,2026,ann613127_point_n00_t0,1.0384106000001339,0.9233207106590271,,0.6826769558275678,0.0
mobile_sam,54592,613127,box,0,0,0.6947199142321093,0.06889499999988402,ok,2026,ann613127_box_n00_t0,1.0384106000001339,0.9288325309753418,,0.6947199142321093,0.0
mobile_sam,455085,206430,point,0,0,0.171789670775472,0.06415739999965808,ok,2026,ann206430_point_n00_t0,1.0020425000002433,0.902495801448822,,0.171789670775472,0.0
mobile_sam,455085,206430,box,0,0,0.7752394988946205,0.06836450000037075,ok,2026,ann206430_box_n00_t0,1.0020425000002433,0.9148831367492676,,0.7752394988946205,0.0
mobile_sam,220310,1161337,point,0,0,0.4549527460770328,0.06595669999978782,ok,2026,ann1161337_point_n00_t0,1.0167191000000457,0.9652734398841858,,0.4549527460770328,0.0
mobile_sam,220310,1161337,box,0,0,0.6621354532677443,0.06538840000030177,ok,2026,ann1161337_box_n00_t0,1.0167191000000457,0.8073460459709167,,0.6621354532677443,0.0
mobile_sam,474854,1042325,point,0,0,0.80178671133445,0.06426749999991443,ok,2026,ann1042325_point_n00_t0,1.0257673000000977,0.9473153948783875,,0.80178671133445,0.0
mobile_sam,474854,1042325,box,0,0,0.8163771712158809,0.06076810000013211,ok,2026,ann1042325_box_n00_t0,1.0257673000000977,0.891740620136261,,0.8163771712158809,0.0
mobile_sam,261732,658626,point,0,0,0.6213301378070701,0.06355690000009417,ok,2026,ann658626_point_n00_t0,1.0965547999999217,0.9563482999801636,,0.6213301378070701,0.0
mobile_sam,261732,658626,box,0,0,0.8262096774193548,0.06407119999994393,ok,2026,ann658626_box_n00_t0,1.0965547999999217,0.8168443441390991,,0.8262096774193548,0.0
mobile_sam,134689,595505,point,0,0,0.8528061009522204,0.06257920000007289,ok,2026,ann595505_point_n00_t0,1.022203200000149,0.983193039894104,,0.8528061009522204,0.0
mobile_sam,134689,595505,box,0,0,0.8574827854871655,0.06307980000019597,ok,2026,ann595505_box_n00_t0,1.022203200000149,0.952900767326355,,0.8574827854871655,0.0
mobile_sam,32811,37495,point,0,0,0.8738938053097345,0.07315760000028604,ok,2026,ann37495_point_n00_t0,1.0050444999997126,0.9528073072433472,,0.8738938053097345,0.0
mobile_sam,32811,37495,box,0,0,0.8715867158671586,0.06239420000019891,ok,2026,ann37495_box_n00_t0,1.0050444999997126,0.9298324584960938,,0.8715867158671586,0.0
mobile_sam,378284,506923,point,0,0,0.8286423132859954,0.06073699999978999,ok,2026,ann506923_point_n00_t0,1.0260675999998057,0.8873375654220581,,0.8286423132859954,0.0
mobile_sam,378284,506923,box,0,0,0.7394103257370929,0.06350419999989754,ok,2026,ann506923_box_n00_t0,1.0260675999998057,0.8871641159057617,,0.7394103257370929,0.0
