prompt_id,image_id,annotation_id,prompt_type,noise_level,trial,seed,point_x,point_y,point_label,box_x_min,box_y_min,box_x_max,box_y_max,sx,sy,dx,dy,point_inside_gt,box_iou_gt
ann1152444_point_n00_t0,521282,1152444,point,0.0,0,2026,177,435,1,,,,,0,0,0,0,True,
ann1152444_box_n00_t0,521282,1152444,box,0.0,0,2026,,,,69,298,285,628,0,0,0,0,,1.0
ann1152444_point_n10_t1,521282,1152444,point,0.1,1,2026,155,402,1,,,,,-1,-1,-22,-33,True,
ann1152444_box_n10_t1,521282,1152444,box,0.1,1,2026,,,,47,265,263,595,-1,-1,-22,-33,,0.6792995417562891
ann1152444_point_n10_t2,521282,1152444,point,0.1,2,2026,155,468,1,,,,,-1,1,-22,33,True,
ann1152444_box_n10_t2,521282,1152444,box,0.1,2,2026,,,,47,331,263,639,-1,1,-22,33,,0.71945029094961
ann1152444_point_n10_t3,521282,1152444,point,0.1,3,2026,199,468,1,,,,,1,1,22,33,True,
ann1152444_box_n10_t3,521282,1152444,box,0.1,3,2026,,,,91,331,307,639,1,1,22,33,,0.71945029094961
ann1152444_point_n20_t1,521282,1152444,point,0.2,1,2026,134,369,1,,,,,-1,-1,-43,-66,True,
ann1152444_box_n20_t1,521282,1152444,box,0.2,1,2026,,,,26,232,242,562,-1,-1,-43,-66,,0.4727097514967604
ann1152444_point_n20_t2,521282,1152444,point,0.2,2,2026,134,501,1,,,,,-1,1,-43,66,True,
ann1152444_box_n20_t2,521282,1152444,box,0.2,2,2026,,,,26,364,242,639,-1,1,-43,66,,0.5386115945753367
ann1152444_point_n20_t3,521282,1152444,point,0.2,3,2026,220,501,1,,,,,1,1,43,66,True,
ann1152444_box_n20_t3,521282,1152444,box,0.2,3,2026,,,,112,364,328,639,1,1,43,66,,0.5386115945753367
ann144786_point_n00_t0,260925,144786,point,0.0,0,2026,302,250,1,,,,,0,0,0,0,True,
ann144786_box_n00_t0,260925,144786,box,0.0,0,2026,,,,1,29,639,473,0,0,0,0,,1.0
ann144786_point_n10_t1,260925,144786,point,0.1,1,2026,238,295,1,,,,,-1,1,-64,45,True,
ann144786_box_n10_t1,260925,144786,box,0.1,1,2026,,,,0,74,575,479,-1,1,-64,45,,0.7980264459024812
ann144786_point_n10_t2,260925,144786,point,0.1,2,2026,366,205,1,,,,,1,-1,64,-45,True,
ann144786_box_n10_t2,260925,144786,box,0.1,2,2026,,,,65,0,639,428,1,-1,64,-45,,0.7640434508188553
ann144786_point_n10_t3,260925,144786,point,0.1,3,2026,366,295,1,,,,,1,1,64,45,True,
ann144786_box_n10_t3,260925,144786,box,0.1,3,2026,,,,65,74,639,479,1,1,64,45,,0.7991522037490663
ann144786_point_n20_t1,260925,144786,point,0.2,1,2026,174,339,1,,,,,-1,1,-128,89,True,
ann144786_box_n20_t1,260925,144786,box,0.2,1,2026,,,,0,118,511,479,-1,1,-128,89,,0.6321290694724845
ann144786_point_n20_t2,260925,144786,point,0.2,2,2026,430,161,1,,,,,1,-1,128,-89,True,
ann144786_box_n20_t2,260925,144786,box,0.2,2,2026,,,,129,0,639,384,1,-1,128,-89,,0.6080608609036882
ann144786_point_n20_t3,260925,144786,point,0.2,3,2026,430,339,1,,,,,1,1,128,89,True,
ann144786_box_n20_t3,260925,144786,box,0.2,3,2026,,,,129,118,639,479,1,1,128,89,,0.6329252211912143
ann613127_point_n00_t0,54592,613127,point,0.0,0,2026,329,385,1,,,,,0,0,0,0,True,
ann613127_box_n00_t0,54592,613127,box,0.0,0,2026,,,,274,47,344,410,0,0,0,0,,1.0
ann613127_point_n10_t1,54592,613127,point,0.1,1,2026,336,417,1,,,,,1,1,7,37,False,
ann613127_box_n10_t1,54592,613127,box,0.1,1,2026,,,,281,84,351,417,1,1,7,37,,0.7309814879497031
ann613127_point_n10_t2,54592,613127,point,0.1,2,2026,336,348,1,,,,,1,-1,7,-37,True,
ann613127_box_n10_t2,54592,613127,box,0.1,2,2026,,,,281,10,351,373,1,-1,7,-37,,0.6803641092327698
ann613127_point_n10_t3,54592,613127,point,0.1,3,2026,322,417,1,,,,,-1,1,-7,37,False,
ann613127_box_n10_t3,54592,613127,box,0.1,3,2026,,,,267,84,337,417,-1,1,-7,37,,0.7309814879497031
ann613127_point_n20_t1,54592,613127,point,0.2,1,2026,343,417,1,,,,,1,1,14,73,False,
ann613127_box_n20_t1,54592,613127,box,0.2,1,2026,,,,288,120,358,417,1,1,14,73,,0.545355909912872
ann613127_point_n20_t2,54592,613127,point,0.2,2,2026,343,312,1,,,,,1,-1,14,-73,False,
ann613127_box_n20_t2,54592,613127,box,0.2,2,2026,,,,288,0,358,337,1,-1,14,-73,,0.4987821380243572
ann613127_point_n20_t3,54592,613127,point,0.2,3,2026,315,417,1,,,,,-1,1,-14,73,False,
ann613127_box_n20_t3,54592,613127,box,0.2,3,2026,,,,260,120,330,417,-1,1,-14,73,,0.545355909912872
ann206430_point_n00_t0,455085,206430,point,0.0,0,2026,204,276,1,,,,,0,0,0,0,True,
ann206430_box_n00_t0,455085,206430,box,0.0,0,2026,,,,178,257,223,323,0,0,0,0,,1.0
ann206430_point_n10_t1,455085,206430,point,0.1,1,2026,199,283,1,,,,,-1,1,-5,7,True,
ann206430_box_n10_t1,455085,206430,box,0.1,1,2026,,,,173,264,218,330,-1,1,-5,7,,0.6641468682505399
ann206430_point_n10_t2,455085,206430,point,0.1,2,2026,199,269,1,,,,,-1,-1,-5,-7,True,
ann206430_box_n10_t2,455085,206430,box,0.1,2,2026,,,,173,250,218,316,-1,-1,-5,-7,,0.6641468682505399
ann206430_point_n10_t3,455085,206430,point,0.1,3,2026,209,269,1,,,,,1,-1,5,-7,True,
ann206430_box_n10_t3,455085,206430,box,0.1,3,2026,,,,183,250,228,316,1,-1,5,-7,,0.6641468682505399
ann206430_point_n20_t1,455085,206430,point,0.2,1,2026,195,289,1,,,,,-1,1,-9,13,True,
ann206430_box_n20_t1,455085,206430,box,0.2,1,2026,,,,169,270,214,336,-1,1,-9,13,,0.47959673547767645
ann206430_point_n20_t2,455085,206430,point,0.2,2,2026,195,263,1,,,,,-1,-1,-9,-13,True,
ann206430_box_n20_t2,455085,206430,box,0.2,2,2026,,,,169,244,214,310,-1,-1,-9,-13,,0.47959673547767645
ann206430_point_n20_t3,455085,206430,point,0.2,3,2026,213,263,1,,,,,1,-1,9,-13,True,
ann206430_box_n20_t3,455085,206430,box,0.2,3,2026,,,,187,244,232,310,1,-1,9,-13,,0.47959673547767645
ann1161337_point_n00_t0,220310,1161337,point,0.0,0,2026,180,138,1,,,,,0,0,0,0,True,
ann1161337_box_n00_t0,220310,1161337,box,0.0,0,2026,,,,64,27,311,301,0,0,0,0,,1.0
ann1161337_point_n10_t1,220310,1161337,point,0.1,1,2026,155,110,1,,,,,-1,-1,-25,-28,True,
ann1161337_box_n10_t1,220310,1161337,box,0.1,1,2026,,,,39,0,286,273,-1,-1,-25,-28,,0.6794168074897312
ann1161337_point_n10_t2,220310,1161337,point,0.1,2,2026,155,166,1,,,,,-1,1,-25,28,True,
ann1161337_box_n10_t2,220310,1161337,box,0.1,2,2026,,,,39,55,286,329,-1,1,-25,28,,0.6773447779731674
ann1161337_point_n10_t3,220310,1161337,point,0.1,3,2026,205,166,1,,,,,1,1,25,28,True,
ann1161337_box_n10_t3,220310,1161337,box,0.1,3,2026,,,,89,55,332,329,1,1,25,28,,0.6866328425934005
ann1161337_point_n20_t1,220310,1161337,point,0.2,1,2026,130,83,1,,,,,-1,-1,-50,-55,True,
ann1161337_box_n20_t1,220310,1161337,box,0.2,1,2026,,,,14,0,261,246,-1,-1,-50,-55,,0.5071248952221291
ann1161337_point_n20_t2,220310,1161337,point,0.2,2,2026,130,193,1,,,,,-1,1,-50,55,True,
ann1161337_box_n20_t2,220310,1161337,box,0.2,2,2026,,,,14,82,261,356,-1,1,-50,55,,0.46919431279620855
ann1161337_point_n20_t3,220310,1161337,point,0.2,3,2026,230,193,1,,,,,1,1,50,55,True,
ann1161337_box_n20_t3,220310,1161337,box,0.2,3,2026,,,,114,82,332,356,1,1,50,55,,0.5132858068697342
ann1042325_point_n00_t0,474854,1042325,point,0.0,0,2026,220,353,1,,,,,0,0,0,0,True,
ann1042325_box_n00_t0,474854,1042325,box,0.0,0,2026,,,,194,281,276,438,0,0,0,0,,1.0
ann1042325_point_n10_t1,474854,1042325,point,0.1,1,2026,228,369,1,,,,,1,1,8,16,True,
ann1042325_box_n10_t1,474854,1042325,box,0.1,1,2026,,,,202,297,284,454,1,1,8,16,,0.6836564385672101
ann1042325_point_n10_t2,474854,1042325,point,0.1,2,2026,212,337,1,,,,,-1,-1,-8,-16,True,
ann1042325_box_n10_t2,474854,1042325,box,0.1,2,2026,,,,186,265,268,422,-1,-1,-8,-16,,0.6836564385672101
ann1042325_point_n10_t3,474854,1042325,point,0.1,3,2026,212,369,1,,,,,-1,1,-8,16,True,
ann1042325_box_n10_t3,474854,1042325,box,0.1,3,2026,,,,186,297,268,454,-1,1,-8,16,,0.6836564385672101
ann1042325_point_n20_t1,474854,1042325,point,0.2,1,2026,237,385,1,,,,,1,1,17,32,False,
ann1042325_box_n20_t1,474854,1042325,box,0.2,1,2026,,,,211,313,293,470,1,1,17,32,,0.4642697632871818
ann1042325_point_n20_t2,474854,1042325,point,0.2,2,2026,203,321,1,,,,,-1,-1,-17,-32,False,
ann1042325_box_n20_t2,474854,1042325,box,0.2,2,2026,,,,177,249,259,406,-1,-1,-17,-32,,0.4642697632871818
ann1042325_point_n20_t3,474854,1042325,point,0.2,3,2026,203,385,1,,,,,-1,1,-17,32,True,
ann1042325_box_n20_t3,474854,1042325,box,0.2,3,2026,,,,177,313,259,470,-1,1,-17,32,,0.4642697632871818
ann658626_point_n00_t0,261732,658626,point,0.0,0,2026,368,95,1,,,,,0,0,0,0,True,
ann658626_box_n00_t0,261732,658626,box,0.0,0,2026,,,,290,75,392,117,0,0,0,0,,1.0
ann658626_point_n10_t1,261732,658626,point,0.1,1,2026,378,91,1,,,,,1,-1,10,-4,True,
ann658626_box_n10_t1,261732,658626,box,0.1,1,2026,,,,300,71,402,113,1,-1,10,-4,,0.693366469126362
ann658626_point_n10_t2,261732,658626,point,0.1,2,2026,358,91,1,,,,,-1,-1,-10,-4,True,
ann658626_box_n10_t2,261732,658626,box,0.1,2,2026,,,,280,71,382,113,-1,-1,-10,-4,,0.693366469126362
ann658626_point_n10_t3,261732,658626,point,0.1,3,2026,358,99,1,,,,,-1,1,-10,4,True,
ann658626_box_n10_t3,261732,658626,box,0.1,3,2026,,,,280,79,382,121,-1,1,-10,4,,0.693366469126362
ann658626_point_n20_t1,261732,658626,point,0.2,1,2026,389,86,1,,,,,1,-1,21,-9,True,
ann658626_box_n20_t1,261732,658626,box,0.2,1,2026,,,,311,66,413,108,1,-1,21,-9,,0.45930807248764416
ann658626_point_n20_t2,261732,658626,point,0.2,2,2026,347,86,1,,,,,-1,-1,-21,-9,True,
ann658626_box_n20_t2,261732,658626,box,0.2,2,2026,,,,269,66,371,108,-1,-1,-21,-9,,0.45930807248764416
ann658626_point_n20_t3,261732,658626,point,0.2,3,2026,347,104,1,,,,,-1,1,-21,9,True,
ann658626_box_n20_t3,261732,658626,box,0.2,3,2026,,,,269,84,371,126,-1,1,-21,9,,0.45930807248764416
ann595505_point_n00_t0,134689,595505,point,0.0,0,2026,167,330,1,,,,,0,0,0,0,True,
ann595505_box_n00_t0,134689,595505,box,0.0,0,2026,,,,39,76,373,577,0,0,0,0,,1.0
ann595505_point_n10_t1,134689,595505,point,0.1,1,2026,201,280,1,,,,,1,-1,34,-50,True,
ann595505_box_n10_t1,134689,595505,box,0.1,1,2026,,,,73,26,407,527,1,-1,34,-50,,0.6792818341588113
ann595505_point_n10_t2,134689,595505,point,0.1,2,2026,133,380,1,,,,,-1,1,-34,50,True,
ann595505_box_n10_t2,134689,595505,box,0.1,2,2026,,,,5,126,339,627,-1,1,-34,50,,0.6792818341588113
ann595505_point_n10_t3,134689,595505,point,0.1,3,2026,201,380,1,,,,,1,1,34,50,True,
ann595505_box_n10_t3,134689,595505,box,0.1,3,2026,,,,73,126,407,627,1,1,34,50,,0.6792818341588113
ann595505_point_n20_t1,134689,595505,point,0.2,1,2026,234,230,1,,,,,1,-1,67,-100,True,
ann595505_box_n20_t1,134689,595505,box,0.2,1,2026,,,,106,0,426,477,1,-1,67,-100,,0.5037405550983766
ann595505_point_n20_t2,134689,595505,point,0.2,2,2026,100,430,1,,,,,-1,1,-67,100,False,
ann595505_box_n20_t2,134689,595505,box,0.2,2,2026,,,,0,176,306,639,-1,1,-67,100,,0.5310278881320176
ann595505_point_n20_t3,134689,595505,point,0.2,3,2026,234,430,1,,,,,1,1,67,100,False,
ann595505_box_n20_t3,134689,595505,box,0.2,3,2026,,,,106,176,426,639,1,1,67,100,,0.5145526273056386
ann37495_point_n00_t0,32811,37495,point,0.0,0,2026,130,375,1,,,,,0,0,0,0,True,
ann37495_box_n00_t0,32811,37495,box,0.0,0,2026,,,,84,353,162,400,0,0,0,0,,1.0
ann37495_point_n10_t1,32811,37495,point,0.1,1,2026,138,380,1,,,,,1,1,8,5,True,
ann37495_box_n10_t1,32811,37495,box,0.1,1,2026,,,,92,358,170,405,1,1,8,5,,0.6738026925623483
ann37495_point_n10_t2,32811,37495,point,0.1,2,2026,138,370,1,,,,,1,-1,8,-5,True,
ann37495_box_n10_t2,32811,37495,box,0.1,2,2026,,,,92,348,170,395,1,-1,8,-5,,0.6738026925623483
ann37495_point_n10_t3,32811,37495,point,0.1,3,2026,122,370,1,,,,,-1,-1,-8,-5,True,
ann37495_box_n10_t3,32811,37495,box,0.1,3,2026,,,,76,348,154,395,-1,-1,-8,-5,,0.6738026925623483
ann37495_point_n20_t1,32811,37495,point,0.2,1,2026,146,385,1,,,,,1,1,16,10,False,
ann37495_box_n20_t1,32811,37495,box,0.2,1,2026,,,,100,363,178,410,1,1,16,10,,0.461271676300578
ann37495_point_n20_t2,32811,37495,point,0.2,2,2026,146,365,1,,,,,1,-1,16,-10,True,
ann37495_box_n20_t2,32811,37495,box,0.2,2,2026,,,,100,343,178,390,1,-1,16,-10,,0.461271676300578
ann37495_point_n20_t3,32811,37495,point,0.2,3,2026,114,365,1,,,,,-1,-1,-16,-10,False,
ann37495_box_n20_t3,32811,37495,box,0.2,3,2026,,,,68,343,146,390,-1,-1,-16,-10,,0.461271676300578
ann506923_point_n00_t0,378284,506923,point,0.0,0,2026,193,33,1,,,,,0,0,0,0,True,
ann506923_box_n00_t0,378284,506923,box,0.0,0,2026,,,,107,0,533,122,0,0,0,0,,1.0
ann506923_point_n10_t1,378284,506923,point,0.1,1,2026,236,21,1,,,,,1,-1,43,-12,True,
ann506923_box_n10_t1,378284,506923,box,0.1,1,2026,,,,150,0,576,110,1,-1,43,-12,,0.743952246308514
ann506923_point_n10_t2,378284,506923,point,0.1,2,2026,150,21,1,,,,,-1,-1,-43,-12,True,
ann506923_box_n10_t2,378284,506923,box,0.1,2,2026,,,,64,0,490,110,-1,-1,-43,-12,,0.743952246308514
ann506923_point_n10_t3,378284,506923,point,0.1,3,2026,150,45,1,,,,,-1,1,-43,12,True,
ann506923_box_n10_t3,378284,506923,box,0.1,3,2026,,,,64,12,490,134,-1,1,-43,12,,0.6828799384792849
ann506923_point_n20_t1,378284,506923,point,0.2,1,2026,278,8,1,,,,,1,-1,85,-25,True,
ann506923_box_n20_t1,378284,506923,box,0.2,1,2026,,,,192,0,618,97,1,-1,85,-25,,0.5507879903370528
ann506923_point_n20_t2,378284,506923,point,0.2,2,2026,108,8,1,,,,,-1,-1,-85,-25,False,
ann506923_box_n20_t2,378284,506923,box,0.2,2,2026,,,,22,0,448,97,-1,-1,-85,-25,,0.5507879903370528
ann506923_point_n20_t3,378284,506923,point,0.2,3,2026,108,58,1,,,,,-1,1,-85,25,True,
ann506923_box_n20_t3,378284,506923,box,0.2,3,2026,,,,22,25,448,147,-1,1,-85,25,,0.46858485026423957
ann518621_point_n00_t0,91495,518621,point,0.0,0,2026,264,145,1,,,,,0,0,0,0,True,
ann518621_box_n00_t0,91495,518621,box,0.0,0,2026,,,,152,47,339,374,0,0,0,0,,1.0
ann518621_point_n10_t1,91495,518621,point,0.1,1,2026,283,112,1,,,,,1,-1,19,-33,True,
ann518621_box_n10_t1,91495,518621,box,0.1,1,2026,,,,171,14,358,341,1,-1,19,-33,,0.6785485824724728
ann518621_point_n10_t2,91495,518621,point,0.1,2,2026,245,178,1,,,,,-1,1,-19,33,True,
ann518621_box_n10_t2,91495,518621,box,0.1,2,2026,,,,133,80,320,407,-1,1,-19,33,,0.6785485824724728
ann518621_point_n10_t3,91495,518621,point,0.1,3,2026,245,112,1,,,,,-1,-1,-19,-33,True,
ann518621_box_n10_t3,91495,518621,box,0.1,3,2026,,,,133,14,320,341,-1,-1,-19,-33,,0.6785485824724728
ann518621_point_n20_t1,91495,518621,point,0.2,1,2026,302,80,1,,,,,1,-1,38,-65,False,
ann518621_box_n20_t1,91495,518621,box,0.2,1,2026,,,,190,0,377,309,1,-1,38,-65,,0.4900986408924889
ann518621_point_n20_t2,91495,518621,point,0.2,2,2026,226,210,1,,,,,-1,1,-38,65,False,
ann518621_box_n20_t2,91495,518621,box,0.2,2,2026,,,,114,112,301,439,-1,1,-38,65,,0.47032594959345714
ann518621_point_n20_t3,91495,518621,point,0.2,3,2026,226,80,1,,,,,-1,-1,-38,-65,True,
ann518621_box_n20_t3,91495,518621,box,0.2,3,2026,,,,114,0,301,309,-1,-1,-38,-65,,0.4900986408924889
ann683127_point_n00_t0,419312,683127,point,0.0,0,2026,80,43,1,,,,,0,0,0,0,True,
ann683127_box_n00_t0,419312,683127,box,0.0,0,2026,,,,19,10,114,146,0,0,0,0,,1.0
ann683127_point_n10_t1,419312,683127,point,0.1,1,2026,90,29,1,,,,,1,-1,10,-14,True,
ann683127_box_n10_t1,419312,683127,box,0.1,1,2026,,,,29,0,124,132,1,-1,10,-14,,0.6894798592100118
ann683127_point_n10_t2,419312,683127,point,0.1,2,2026,70,29,1,,,,,-1,-1,-10,-14,True,
ann683127_box_n10_t2,419312,683127,box,0.1,2,2026,,,,9,0,104,132,-1,-1,-10,-14,,0.6894798592100118
ann683127_point_n10_t3,419312,683127,point,0.1,3,2026,70,57,1,,,,,-1,1,-10,14,True,
ann683127_box_n10_t3,419312,683127,box,0.1,3,2026,,,,9,24,104,160,-1,1,-10,14,,0.6726440289965662
ann683127_point_n20_t1,419312,683127,point,0.2,1,2026,99,16,1,,,,,1,-1,19,-27,True,
ann683127_box_n20_t1,419312,683127,box,0.2,1,2026,,,,38,0,133,119,1,-1,19,-27,,0.5227749660535737
ann683127_point_n20_t2,419312,683127,point,0.2,2,2026,61,16,1,,,,,-1,-1,-19,-27,True,
ann683127_box_n20_t2,419312,683127,box,0.2,2,2026,,,,0,0,95,119,-1,-1,-19,-27,,0.5227749660535737
ann683127_point_n20_t3,419312,683127,point,0.2,3,2026,61,70,1,,,,,-1,1,-19,27,True,
ann683127_box_n20_t3,419312,683127,box,0.2,3,2026,,,,0,37,95,173,-1,1,-19,27,,0.4749355164292924
ann1050658_point_n00_t0,402783,1050658,point,0.0,0,2026,338,352,1,,,,,0,0,0,0,True,
ann1050658_box_n00_t0,402783,1050658,box,0.0,0,2026,,,,246,267,418,436,0,0,0,0,,1.0
ann1050658_point_n10_t1,402783,1050658,point,0.1,1,2026,355,335,1,,,,,1,-1,17,-17,True,
ann1050658_box_n10_t1,402783,1050658,box,0.1,1,2026,,,,263,250,435,419,1,-1,17,-17,,0.6828793774319066
ann1050658_point_n10_t2,402783,1050658,point,0.1,2,2026,321,369,1,,,,,-1,1,-17,17,True,
ann1050658_box_n10_t2,402783,1050658,box,0.1,2,2026,,,,229,284,401,453,-1,1,-17,17,,0.6828793774319066
ann1050658_point_n10_t3,402783,1050658,point,0.1,3,2026,355,369,1,,,,,1,1,17,17,True,
ann1050658_box_n10_t3,402783,1050658,box,0.1,3,2026,,,,263,284,435,453,1,1,17,17,,0.6828793774319066
ann1050658_point_n20_t1,402783,1050658,point,0.2,1,2026,373,318,1,,,,,1,-1,35,-34,True,
ann1050658_box_n20_t1,402783,1050658,box,0.2,1,2026,,,,281,233,453,402,1,-1,35,-34,,0.4685908319185059
ann1050658_point_n20_t2,402783,1050658,point,0.2,2,2026,303,386,1,,,,,-1,1,-35,34,True,
ann1050658_box_n20_t2,402783,1050658,box,0.2,2,2026,,,,211,301,383,470,-1,1,-35,34,,0.4685908319185059
ann1050658_point_n20_t3,402783,1050658,point,0.2,3,2026,373,386,1,,,,,1,1,35,34,True,
ann1050658_box_n20_t3,402783,1050658,box,0.2,3,2026,,,,281,301,453,470,1,1,35,34,,0.4685908319185059
ann332298_point_n00_t0,404191,332298,point,0.0,0,2026,183,196,1,,,,,0,0,0,0,True,
ann332298_box_n00_t0,404191,332298,box,0.0,0,2026,,,,27,48,355,492,0,0,0,0,,1.0
ann332298_point_n10_t1,404191,332298,point,0.1,1,2026,150,151,1,,,,,-1,-1,-33,-45,True,
ann332298_box_n10_t1,404191,332298,box,0.1,1,2026,,,,0,3,322,447,-1,-1,-33,-45,,0.6894142308140212
ann332298_point_n10_t2,404191,332298,point,0.1,2,2026,150,241,1,,,,,-1,1,-33,45,True,
ann332298_box_n10_t2,404191,332298,box,0.1,2,2026,,,,0,93,322,499,-1,1,-33,45,,0.7424780203930619
ann332298_point_n10_t3,404191,332298,point,0.1,3,2026,216,151,1,,,,,1,-1,33,-45,True,
ann332298_box_n10_t3,404191,332298,box,0.1,3,2026,,,,60,3,374,447,1,-1,33,-45,,0.7040076108930907
ann332298_point_n20_t1,404191,332298,point,0.2,1,2026,117,107,1,,,,,-1,-1,-66,-89,True,
ann332298_box_n20_t1,404191,332298,box,0.2,1,2026,,,,0,0,289,403,-1,-1,-66,-89,,0.5509571194030729
ann332298_point_n20_t2,404191,332298,point,0.2,2,2026,117,285,1,,,,,-1,1,-66,89,True,
ann332298_box_n20_t2,404191,332298,box,0.2,2,2026,,,,0,137,289,499,-1,1,-66,89,,0.592406056426253
ann332298_point_n20_t3,404191,332298,point,0.2,3,2026,249,107,1,,,,,1,-1,66,-89,True,
ann332298_box_n20_t3,404191,332298,box,0.2,3,2026,,,,93,0,374,403,1,-1,66,-89,,0.5616388230706938
ann1266826_point_n00_t0,448410,1266826,point,0.0,0,2026,113,196,1,,,,,0,0,0,0,True,
ann1266826_box_n00_t0,448410,1266826,box,0.0,0,2026,,,,105,187,138,294,0,0,0,0,,1.0
ann1266826_point_n10_t1,448410,1266826,point,0.1,1,2026,110,185,1,,,,,-1,-1,-3,-11,False,
ann1266826_box_n10_t1,448410,1266826,box,0.1,1,2026,,,,102,176,135,283,-1,-1,-3,-11,,0.6933364076550611
ann1266826_point_n10_t2,448410,1266826,point,0.1,2,2026,110,207,1,,,,,-1,1,-3,11,True,
ann1266826_box_n10_t2,448410,1266826,box,0.1,2,2026,,,,102,198,135,305,-1,1,-3,11,,0.6933364076550611
ann1266826_point_n10_t3,448410,1266826,point,0.1,3,2026,116,185,1,,,,,1,-1,3,-11,False,
ann1266826_box_n10_t3,448410,1266826,box,0.1,3,2026,,,,108,176,141,283,1,-1,3,-11,,0.6933364076550611
ann1266826_point_n20_t1,448410,1266826,point,0.2,1,2026,106,174,1,,,,,-1,-1,-7,-22,False,
ann1266826_box_n20_t1,448410,1266826,box,0.2,1,2026,,,,98,165,131,272,-1,-1,-7,-22,,0.46236559139784944
ann1266826_point_n20_t2,448410,1266826,point,0.2,2,2026,106,218,1,,,,,-1,1,-7,22,False,
ann1266826_box_n20_t2,448410,1266826,box,0.2,2,2026,,,,98,209,131,316,-1,1,-7,22,,0.46236559139784944
ann1266826_point_n20_t3,448410,1266826,point,0.2,3,2026,120,174,1,,,,,1,-1,7,-22,False,
ann1266826_box_n20_t3,448410,1266826,box,0.2,3,2026,,,,112,165,145,272,1,-1,7,-22,,0.46236559139784944
ann1505901_point_n00_t0,356432,1505901,point,0.0,0,2026,67,265,1,,,,,0,0,0,0,True,
ann1505901_box_n00_t0,356432,1505901,box,0.0,0,2026,,,,62,261,73,276,0,0,0,0,,1.0
ann1505901_point_n10_t1,356432,1505901,point,0.1,1,2026,68,267,1,,,,,1,1,1,2,True,
ann1505901_box_n10_t1,356432,1505901,box,0.1,1,2026,,,,63,263,74,278,1,1,1,2,,0.6695652173913044
ann1505901_point_n10_t2,356432,1505901,point,0.1,2,2026,68,263,1,,,,,1,-1,1,-2,True,
ann1505901_box_n10_t2,356432,1505901,box,0.1,2,2026,,,,63,259,74,274,1,-1,1,-2,,0.6695652173913044
ann1505901_point_n10_t3,356432,1505901,point,0.1,3,2026,66,267,1,,,,,-1,1,-1,2,True,
ann1505901_box_n10_t3,356432,1505901,box,0.1,3,2026,,,,61,263,72,278,-1,1,-1,2,,0.6695652173913044
ann1505901_point_n20_t1,356432,1505901,point,0.2,1,2026,69,268,1,,,,,1,1,2,3,True,
ann1505901_box_n20_t1,356432,1505901,box,0.2,1,2026,,,,64,264,75,279,1,1,2,3,,0.5118110236220472
ann1505901_point_n20_t2,356432,1505901,point,0.2,2,2026,69,262,1,,,,,1,-1,2,-3,True,
ann1505901_box_n20_t2,356432,1505901,box,0.2,2,2026,,,,64,258,75,273,1,-1,2,-3,,0.5118110236220472
ann1505901_point_n20_t3,356432,1505901,point,0.2,3,2026,65,268,1,,,,,-1,1,-2,3,True,
ann1505901_box_n20_t3,356432,1505901,box,0.2,3,2026,,,,60,264,71,279,-1,1,-2,3,,0.5118110236220472
ann1798918_point_n00_t0,174004,1798918,point,0.0,0,2026,333,245,1,,,,,0,0,0,0,True,
ann1798918_box_n00_t0,174004,1798918,box,0.0,0,2026,,,,14,109,615,374,0,0,0,0,,1.0
ann1798918_point_n10_t1,174004,1798918,point,0.1,1,2026,393,272,1,,,,,1,1,60,27,True,
ann1798918_box_n10_t1,174004,1798918,box,0.1,1,2026,,,,74,136,639,401,1,1,60,27,,0.7150869445211151
ann1798918_point_n10_t2,174004,1798918,point,0.1,2,2026,393,218,1,,,,,1,-1,60,-27,True,
ann1798918_box_n10_t2,174004,1798918,box,0.1,2,2026,,,,74,82,639,347,1,-1,60,-27,,0.7150869445211151
ann1798918_point_n10_t3,174004,1798918,point,0.1,3,2026,273,272,1,,,,,-1,1,-60,27,True,
ann1798918_box_n10_t3,174004,1798918,box,0.1,3,2026,,,,0,136,555,401,-1,1,-60,27,,0.7257437391450502
ann1798918_point_n20_t1,174004,1798918,point,0.2,1,2026,453,298,1,,,,,1,1,120,53,True,
ann1798918_box_n20_t1,174004,1798918,box,0.2,1,2026,,,,134,162,639,427,1,1,120,53,,0.534546136143537
ann1798918_point_n20_t2,174004,1798918,point,0.2,2,2026,453,192,1,,,,,1,-1,120,-53,True,
ann1798918_box_n20_t2,174004,1798918,box,0.2,2,2026,,,,134,56,639,321,1,-1,120,-53,,0.534546136143537
ann1798918_point_n20_t3,174004,1798918,point,0.2,3,2026,213,298,1,,,,,-1,1,-120,53,True,
ann1798918_box_n20_t3,174004,1798918,box,0.2,3,2026,,,,0,162,495,427,-1,1,-120,53,,0.5420534102068616
ann1044692_point_n00_t0,352618,1044692,point,0.0,0,2026,28,237,1,,,,,0,0,0,0,True,
ann1044692_box_n00_t0,352618,1044692,box,0.0,0,2026,,,,3,148,133,314,0,0,0,0,,1.0
ann1044692_point_n10_t1,352618,1044692,point,0.1,1,2026,15,220,1,,,,,-1,-1,-13,-17,False,
ann1044692_box_n10_t1,352618,1044692,box,0.1,1,2026,,,,0,131,120,297,-1,-1,-13,-17,,0.7258858267716536
ann1044692_point_n10_t2,352618,1044692,point,0.1,2,2026,41,220,1,,,,,1,-1,13,-17,True,
ann1044692_box_n10_t2,352618,1044692,box,0.1,2,2026,,,,16,131,146,297,1,-1,13,-17,,0.6793582559299916
ann1044692_point_n10_t3,352618,1044692,point,0.1,3,2026,41,254,1,,,,,1,1,13,17,False,
ann1044692_box_n10_t3,352618,1044692,box,0.1,3,2026,,,,16,165,146,331,1,1,13,17,,0.6793582559299916
ann1044692_point_n20_t1,352618,1044692,point,0.2,1,2026,2,203,1,,,,,-1,-1,-26,-34,False,
ann1044692_box_n20_t1,352618,1044692,box,0.2,1,2026,,,,0,114,107,280,-1,-1,-26,-34,,0.538191768151688
ann1044692_point_n20_t2,352618,1044692,point,0.2,2,2026,54,203,1,,,,,1,-1,26,-34,True,
ann1044692_box_n20_t2,352618,1044692,box,0.2,2,2026,,,,29,114,159,280,1,-1,26,-34,,0.46879720702272654
ann1044692_point_n20_t3,352618,1044692,point,0.2,3,2026,54,271,1,,,,,1,1,26,34,False,
ann1044692_box_n20_t3,352618,1044692,box,0.2,3,2026,,,,29,182,159,348,1,1,26,34,,0.46879720702272654
ann339546_point_n00_t0,541952,339546,point,0.0,0,2026,250,513,1,,,,,0,0,0,0,True,
ann339546_box_n00_t0,541952,339546,box,0.0,0,2026,,,,215,477,288,550,0,0,0,0,,1.0
ann339546_point_n10_t1,541952,339546,point,0.1,1,2026,243,520,1,,,,,-1,1,-7,7,True,
ann339546_box_n10_t1,541952,339546,box,0.1,1,2026,,,,208,484,281,557,-1,1,-7,7,,0.6945690855639796
ann339546_point_n10_t2,541952,339546,point,0.1,2,2026,243,506,1,,,,,-1,-1,-7,-7,True,
ann339546_box_n10_t2,541952,339546,box,0.1,2,2026,,,,208,470,281,543,-1,-1,-7,-7,,0.6945690855639796
ann339546_point_n10_t3,541952,339546,point,0.1,3,2026,257,506,1,,,,,1,-1,7,-7,True,
ann339546_box_n10_t3,541952,339546,box,0.1,3,2026,,,,222,470,295,543,1,-1,7,-7,,0.6945690855639796
ann339546_point_n20_t1,541952,339546,point,0.2,1,2026,235,528,1,,,,,-1,1,-15,15,True,
ann339546_box_n20_t1,541952,339546,box,0.2,1,2026,,,,200,492,273,565,-1,1,-15,15,,0.4659349484674073
ann339546_point_n20_t2,541952,339546,point,0.2,2,2026,235,498,1,,,,,-1,-1,-15,-15,True,
ann339546_box_n20_t2,541952,339546,box,0.2,2,2026,,,,200,462,273,535,-1,-1,-15,-15,,0.4659349484674073
ann339546_point_n20_t3,541952,339546,point,0.2,3,2026,265,498,1,,,,,1,-1,15,-15,True,
ann339546_box_n20_t3,541952,339546,box,0.2,3,2026,,,,230,462,303,535,1,-1,15,-15,,0.4659349484674073
ann648400_point_n00_t0,32570,648400,point,0.0,0,2026,313,294,1,,,,,0,0,0,0,True,
ann648400_box_n00_t0,32570,648400,box,0.0,0,2026,,,,244,250,384,314,0,0,0,0,,1.0
ann648400_point_n10_t1,32570,648400,point,0.1,1,2026,327,301,1,,,,,1,1,14,7,True,
ann648400_box_n10_t1,32570,648400,box,0.1,1,2026,,,,258,257,398,321,1,1,14,7,,0.6718350966800438
ann648400_point_n10_t2,32570,648400,point,0.1,2,2026,299,301,1,,,,,-1,1,-14,7,True,
ann648400_box_n10_t2,32570,648400,box,0.1,2,2026,,,,230,257,370,321,-1,1,-14,7,,0.6718350966800438
ann648400_point_n10_t3,32570,648400,point,0.1,3,2026,299,287,1,,,,,-1,-1,-14,-7,True,
ann648400_box_n10_t3,32570,648400,box,0.1,3,2026,,,,230,243,370,307,-1,-1,-14,-7,,0.6718350966800438
ann648400_point_n20_t1,32570,648400,point,0.2,1,2026,341,307,1,,,,,1,1,28,13,True,
ann648400_box_n20_t1,32570,648400,box,0.2,1,2026,,,,272,263,412,327,1,1,28,13,,0.4718162839248434
ann648400_point_n20_t2,32570,648400,point,0.2,2,2026,285,307,1,,,,,-1,1,-28,13,False,
ann648400_box_n20_t2,32570,648400,box,0.2,2,2026,,,,216,263,356,327,-1,1,-28,13,,0.4718162839248434
ann648400_point_n20_t3,32570,648400,point,0.2,3,2026,285,281,1,,,,,-1,-1,-28,-13,True,
ann648400_box_n20_t3,32570,648400,box,0.2,3,2026,,,,216,237,356,301,-1,-1,-28,-13,,0.4718162839248434
ann48965_point_n00_t0,405306,48965,point,0.0,0,2026,507,232,1,,,,,0,0,0,0,True,
ann48965_box_n00_t0,405306,48965,box,0.0,0,2026,,,,12,2,639,412,0,0,0,0,,1.0
ann48965_point_n10_t1,405306,48965,point,0.1,1,2026,570,273,1,,,,,1,1,63,41,True,
ann48965_box_n10_t1,405306,48965,box,0.1,1,2026,,,,75,43,639,416,1,1,63,41,,0.802902046334419
ann48965_point_n10_t2,405306,48965,point,0.1,2,2026,444,191,1,,,,,-1,-1,-63,-41,True,
ann48965_box_n10_t2,405306,48965,box,0.1,2,2026,,,,0,0,576,371,-1,-1,-63,-41,,0.7927509082221599
ann48965_point_n10_t3,405306,48965,point,0.1,3,2026,570,191,1,,,,,1,-1,63,-41,True,
ann48965_box_n10_t3,405306,48965,box,0.1,3,2026,,,,75,0,639,371,1,-1,63,-41,,0.8064018392365316
ann48965_point_n20_t1,405306,48965,point,0.2,1,2026,633,314,1,,,,,1,1,126,82,True,
ann48965_box_n20_t1,405306,48965,box,0.2,1,2026,,,,138,84,639,416,1,1,126,82,,0.6349397960909748
ann48965_point_n20_t2,405306,48965,point,0.2,2,2026,381,150,1,,,,,-1,-1,-126,-82,True,
ann48965_box_n20_t2,405306,48965,box,0.2,2,2026,,,,0,0,513,330,-1,-1,-126,-82,,0.6277766796916574
ann48965_point_n20_t3,405306,48965,point,0.2,3,2026,633,150,1,,,,,1,-1,126,-82,True,
ann48965_box_n20_t3,405306,48965,box,0.2,3,2026,,,,138,0,639,330,1,-1,126,-82,,0.6374000432245516
ann100384_point_n00_t0,92091,100384,point,0.0,0,2026,69,323,1,,,,,0,0,0,0,True,
ann100384_box_n00_t0,92091,100384,box,0.0,0,2026,,,,1,139,200,403,0,0,0,0,,1.0
ann100384_point_n10_t1,92091,100384,point,0.1,1,2026,89,349,1,,,,,1,1,20,26,True,
ann100384_box_n10_t1,92091,100384,box,0.1,1,2026,,,,21,165,220,429,1,1,20,26,,0.6830739917434107
ann100384_point_n10_t2,92091,100384,point,0.1,2,2026,89,297,1,,,,,1,-1,20,-26,True,
ann100384_box_n10_t2,92091,100384,box,0.1,2,2026,,,,21,113,220,377,1,-1,20,-26,,0.6830739917434107
ann100384_point_n10_t3,92091,100384,point,0.1,3,2026,49,349,1,,,,,-1,1,-20,26,True,
ann100384_box_n10_t3,92091,100384,box,0.1,3,2026,,,,0,165,180,429,-1,1,-20,26,,0.7424281646388817
ann100384_point_n20_t1,92091,100384,point,0.2,1,2026,109,376,1,,,,,1,1,40,53,True,
ann100384_box_n20_t1,92091,100384,box,0.2,1,2026,,,,41,192,240,456,1,1,40,53,,0.47058823529411764
ann100384_point_n20_t2,92091,100384,point,0.2,2,2026,109,270,1,,,,,1,-1,40,-53,False,
ann100384_box_n20_t2,92091,100384,box,0.2,2,2026,,,,41,86,240,350,1,-1,40,-53,,0.47058823529411764
ann100384_point_n20_t3,92091,100384,point,0.2,3,2026,29,376,1,,,,,-1,1,-40,53,False,
ann100384_box_n20_t3,92091,100384,box,0.2,3,2026,,,,0,192,160,456,-1,1,-40,53,,0.5493562231759657
ann585805_point_n00_t0,474170,585805,point,0.0,0,2026,275,213,1,,,,,0,0,0,0,True,
ann585805_box_n00_t0,474170,585805,box,0.0,0,2026,,,,250,186,365,280,0,0,0,0,,1.0
ann585805_point_n10_t1,474170,585805,point,0.1,1,2026,287,203,1,,,,,1,-1,12,-10,True,
ann585805_box_n10_t1,474170,585805,box,0.1,1,2026,,,,262,176,377,270,1,-1,12,-10,,0.6696969696969697
ann585805_point_n10_t2,474170,585805,point,0.1,2,2026,287,223,1,,,,,1,1,12,10,True,
ann585805_box_n10_t2,474170,585805,box,0.1,2,2026,,,,262,196,377,290,1,1,12,10,,0.6696969696969697
ann585805_point_n10_t3,474170,585805,point,0.1,3,2026,263,223,1,,,,,-1,1,-12,10,True,
ann585805_box_n10_t3,474170,585805,box,0.1,3,2026,,,,238,196,353,290,-1,1,-12,10,,0.6696969696969697
ann585805_point_n20_t1,474170,585805,point,0.2,1,2026,298,194,1,,,,,1,-1,23,-19,True,
ann585805_box_n20_t1,474170,585805,box,0.2,1,2026,,,,273,167,388,261,1,-1,23,-19,,0.4720812182741117
ann585805_point_n20_t2,474170,585805,point,0.2,2,2026,298,232,1,,,,,1,1,23,19,False,
ann585805_box_n20_t2,474170,585805,box,0.2,2,2026,,,,273,205,388,299,1,1,23,19,,0.4720812182741117
ann585805_point_n20_t3,474170,585805,point,0.2,3,2026,252,232,1,,,,,-1,1,-23,19,True,
ann585805_box_n20_t3,474170,585805,box,0.2,3,2026,,,,227,205,342,299,-1,1,-23,19,,0.4720812182741117
ann141868_point_n00_t0,382111,141868,point,0.0,0,2026,71,137,1,,,,,0,0,0,0,True,
ann141868_box_n00_t0,382111,141868,box,0.0,0,2026,,,,14,124,91,157,0,0,0,0,,1.0
ann141868_point_n10_t1,382111,141868,point,0.1,1,2026,79,134,1,,,,,1,-1,8,-3,True,
ann141868_box_n10_t1,382111,141868,box,0.1,1,2026,,,,22,121,99,154,1,-1,8,-3,,0.6924058710912572
ann141868_point_n10_t2,382111,141868,point,0.1,2,2026,79,140,1,,,,,1,1,8,3,False,
ann141868_box_n10_t2,382111,141868,box,0.1,2,2026,,,,22,127,99,160,1,1,8,3,,0.6924058710912572
ann141868_point_n10_t3,382111,141868,point,0.1,3,2026,63,140,1,,,,,-1,1,-8,3,True,
ann141868_box_n10_t3,382111,141868,box,0.1,3,2026,,,,6,127,83,160,-1,1,-8,3,,0.6924058710912572
ann141868_point_n20_t1,382111,141868,point,0.2,1,2026,87,130,1,,,,,1,-1,16,-7,False,
ann141868_box_n20_t1,382111,141868,box,0.2,1,2026,,,,30,117,107,150,1,-1,16,-7,,0.46115702479338844
ann141868_point_n20_t2,382111,141868,point,0.2,2,2026,87,144,1,,,,,1,1,16,7,False,
ann141868_box_n20_t2,382111,141868,box,0.2,2,2026,,,,30,131,107,164,1,1,16,7,,0.46115702479338844
ann141868_point_n20_t3,382111,141868,point,0.2,3,2026,55,144,1,,,,,-1,1,-16,7,True,
ann141868_box_n20_t3,382111,141868,box,0.2,3,2026,,,,0,131,75,164,-1,1,-16,7,,0.4699606962380685
ann1216289_point_n00_t0,257169,1216289,point,0.0,0,2026,324,400,1,,,,,0,0,0,0,True,
ann1216289_box_n00_t0,257169,1216289,box,0.0,0,2026,,,,260,308,478,436,0,0,0,0,,1.0
ann1216289_point_n10_t1,257169,1216289,point,0.1,1,2026,346,413,1,,,,,1,1,22,13,True,
ann1216289_box_n10_t1,257169,1216289,box,0.1,1,2026,,,,282,321,479,449,1,1,22,13,,0.738566950001616
ann1216289_point_n10_t2,257169,1216289,point,0.1,2,2026,302,413,1,,,,,-1,1,-22,13,True,
ann1216289_box_n10_t2,257169,1216289,box,0.1,2,2026,,,,238,321,456,449,-1,1,-22,13,,0.679108469539376
ann1216289_point_n10_t3,257169,1216289,point,0.1,3,2026,302,387,1,,,,,-1,-1,-22,-13,True,
ann1216289_box_n10_t3,257169,1216289,box,0.1,3,2026,,,,238,295,456,423,-1,-1,-22,-13,,0.679108469539376
ann1216289_point_n20_t1,257169,1216289,point,0.2,1,2026,368,426,1,,,,,1,1,44,26,False,
ann1216289_box_n20_t1,257169,1216289,box,0.2,1,2026,,,,304,334,479,462,1,1,44,26,,0.5473732159125417
ann1216289_point_n20_t2,257169,1216289,point,0.2,2,2026,280,426,1,,,,,-1,1,-44,26,False,
ann1216289_box_n20_t2,257169,1216289,box,0.2,2,2026,,,,216,334,434,462,-1,1,-44,26,,0.4684616784052811
ann1216289_point_n20_t3,257169,1216289,point,0.2,3,2026,280,374,1,,,,,-1,-1,-44,-26,False,
ann1216289_box_n20_t3,257169,1216289,box,0.2,3,2026,,,,216,282,434,410,-1,-1,-44,-26,,0.4684616784052811
ann2191728_point_n00_t0,67310,2191728,point,0.0,0,2026,201,325,1,,,,,0,0,0,0,True,
ann2191728_box_n00_t0,67310,2191728,box,0.0,0,2026,,,,122,288,228,384,0,0,0,0,,1.0
ann2191728_point_n10_t1,67310,2191728,point,0.1,1,2026,212,315,1,,,,,1,-1,11,-10,True,
ann2191728_box_n10_t1,67310,2191728,box,0.1,1,2026,,,,133,278,239,374,1,-1,11,-10,,0.6732226342092535
ann2191728_point_n10_t2,67310,2191728,point,0.1,2,2026,190,335,1,,,,,-1,1,-11,10,False,
ann2191728_box_n10_t2,67310,2191728,box,0.1,2,2026,,,,111,298,217,394,-1,1,-11,10,,0.6732226342092535
ann2191728_point_n10_t3,67310,2191728,point,0.1,3,2026,190,315,1,,,,,-1,-1,-11,-10,False,
ann2191728_box_n10_t3,67310,2191728,box,0.1,3,2026,,,,111,278,217,374,-1,-1,-11,-10,,0.6732226342092535
ann2191728_point_n20_t1,67310,2191728,point,0.2,1,2026,222,306,1,,,,,1,-1,21,-19,False,
ann2191728_box_n20_t1,67310,2191728,box,0.2,1,2026,,,,143,269,249,365,1,-1,21,-19,,0.4774377224199288
ann2191728_point_n20_t2,67310,2191728,point,0.2,2,2026,180,344,1,,,,,-1,1,-21,19,False,
ann2191728_box_n20_t2,67310,2191728,box,0.2,2,2026,,,,101,307,207,403,-1,1,-21,19,,0.4774377224199288
ann2191728_point_n20_t3,67310,2191728,point,0.2,3,2026,180,306,1,,,,,-1,-1,-21,-19,False,
ann2191728_box_n20_t3,67310,2191728,box,0.2,3,2026,,,,101,269,207,365,-1,-1,-21,-19,,0.4774377224199288
ann1538400_point_n00_t0,84664,1538400,point,0.0,0,2026,453,168,1,,,,,0,0,0,0,True,
ann1538400_box_n00_t0,84664,1538400,box,0.0,0,2026,,,,344,80,559,259,0,0,0,0,,1.0
ann1538400_point_n10_t1,84664,1538400,point,0.1,1,2026,431,150,1,,,,,-1,-1,-22,-18,True,
ann1538400_box_n10_t1,84664,1538400,box,0.1,1,2026,,,,322,62,537,241,-1,-1,-22,-18,,0.6783216783216783
ann1538400_point_n10_t2,84664,1538400,point,0.1,2,2026,475,186,1,,,,,1,1,22,18,True,
ann1538400_box_n10_t2,84664,1538400,box,0.1,2,2026,,,,366,98,581,277,1,1,22,18,,0.6783216783216783
ann1538400_point_n10_t3,84664,1538400,point,0.1,3,2026,431,186,1,,,,,-1,1,-22,18,True,
ann1538400_box_n10_t3,84664,1538400,box,0.1,3,2026,,,,322,98,537,277,-1,1,-22,18,,0.6783216783216783
ann1538400_point_n20_t1,84664,1538400,point,0.2,1,2026,410,132,1,,,,,-1,-1,-43,-36,True,
ann1538400_box_n20_t1,84664,1538400,box,0.2,1,2026,,,,301,44,516,223,-1,-1,-43,-36,,0.4713896457765668
ann1538400_point_n20_t2,84664,1538400,point,0.2,2,2026,496,204,1,,,,,1,1,43,36,True,
ann1538400_box_n20_t2,84664,1538400,box,0.2,2,2026,,,,387,116,602,295,1,1,43,36,,0.4713896457765668
ann1538400_point_n20_t3,84664,1538400,point,0.2,3,2026,410,204,1,,,,,-1,1,-43,36,True,
ann1538400_box_n20_t3,84664,1538400,box,0.2,3,2026,,,,301,116,516,295,-1,1,-43,36,,0.4713896457765668
ann341957_point_n00_t0,311394,341957,point,0.0,0,2026,181,460,1,,,,,0,0,0,0,True,
ann341957_box_n00_t0,311394,341957,box,0.0,0,2026,,,,155,208,208,499,0,0,0,0,,1.0
ann341957_point_n10_t1,311394,341957,point,0.1,1,2026,186,489,1,,,,,1,1,5,29,False,
ann341957_box_n10_t1,311394,341957,box,0.1,1,2026,,,,160,237,213,528,1,1,5,29,,0.6910290095983699
ann341957_point_n10_t2,311394,341957,point,0.1,2,2026,176,489,1,,,,,-1,1,-5,29,True,
ann341957_box_n10_t2,311394,341957,box,0.1,2,2026,,,,150,237,203,528,-1,1,-5,29,,0.6910290095983699
ann341957_point_n10_t3,311394,341957,point,0.1,3,2026,176,431,1,,,,,-1,-1,-5,-29,True,
ann341957_box_n10_t3,311394,341957,box,0.1,3,2026,,,,150,179,203,470,-1,-1,-5,-29,,0.6910290095983699
ann341957_point_n20_t1,311394,341957,point,0.2,1,2026,192,518,1,,,,,1,1,11,58,False,
ann341957_box_n20_t1,311394,341957,box,0.2,1,2026,,,,166,266,219,557,1,1,11,58,,0.4685666387259011
ann341957_point_n20_t2,311394,341957,point,0.2,2,2026,170,518,1,,,,,-1,1,-11,58,False,
ann341957_box_n20_t2,311394,341957,box,0.2,2,2026,,,,144,266,197,557,-1,1,-11,58,,0.4685666387259011
ann341957_point_n20_t3,311394,341957,point,0.2,3,2026,170,402,1,,,,,-1,-1,-11,-58,True,
ann341957_box_n20_t3,311394,341957,box,0.2,3,2026,,,,144,150,197,441,-1,-1,-11,-58,,0.4685666387259011
ann474954_point_n00_t0,455555,474954,point,0.0,0,2026,260,294,1,,,,,0,0,0,0,True,
ann474954_box_n00_t0,455555,474954,box,0.0,0,2026,,,,124,103,454,475,0,0,0,0,,1.0
ann474954_point_n10_t1,455555,474954,point,0.1,1,2026,293,257,1,,,,,1,-1,33,-37,True,
ann474954_box_n10_t1,455555,474954,box,0.1,1,2026,,,,157,66,487,438,1,-1,33,-37,,0.6820801373315712
ann474954_point_n10_t2,455555,474954,point,0.1,2,2026,293,331,1,,,,,1,1,33,37,True,
ann474954_box_n10_t2,455555,474954,box,0.1,2,2026,,,,157,140,487,512,1,1,33,37,,0.6820801373315712
ann474954_point_n10_t3,455555,474954,point,0.1,3,2026,227,331,1,,,,,-1,1,-33,37,True,
ann474954_box_n10_t3,455555,474954,box,0.1,3,2026,,,,91,140,421,512,-1,1,-33,37,,0.6820801373315712
ann474954_point_n20_t1,455555,474954,point,0.2,1,2026,326,219,1,,,,,1,-1,66,-75,True,
ann474954_box_n20_t1,455555,474954,box,0.2,1,2026,,,,190,28,520,400,1,-1,66,-75,,0.4701826668889471
ann474954_point_n20_t2,455555,474954,point,0.2,2,2026,326,369,1,,,,,1,1,66,75,True,
ann474954_box_n20_t2,455555,474954,box,0.2,2,2026,,,,190,178,520,549,1,1,66,75,,0.4711111111111111
ann474954_point_n20_t3,455555,474954,point,0.2,3,2026,194,369,1,,,,,-1,1,-66,75,True,
ann474954_box_n20_t3,455555,474954,box,0.2,3,2026,,,,58,178,388,549,-1,1,-66,75,,0.4711111111111111
ann1727101_point_n00_t0,465822,1727101,point,0.0,0,2026,1,208,1,,,,,0,0,0,0,True,
ann1727101_box_n00_t0,465822,1727101,box,0.0,0,2026,,,,0,174,29,244,0,0,0,0,,1.0
ann1727101_point_n10_t1,465822,1727101,point,0.1,1,2026,4,215,1,,,,,1,1,3,7,True,
ann1727101_box_n10_t1,465822,1727101,box,0.1,1,2026,,,,3,181,32,251,1,1,3,7,,0.6824644549763034
ann1727101_point_n10_t2,465822,1727101,point,0.1,2,2026,4,201,1,,,,,1,-1,3,-7,True,
ann1727101_box_n10_t2,465822,1727101,box,0.1,2,2026,,,,3,167,32,237,1,-1,3,-7,,0.6824644549763034
ann1727101_point_n10_t3,465822,1727101,point,0.1,3,2026,0,215,1,,,,,-1,1,-3,7,True,
ann1727101_box_n10_t3,465822,1727101,box,0.1,3,2026,,,,0,181,26,251,-1,1,-3,7,,0.7451487710219923
ann1727101_point_n20_t1,465822,1727101,point,0.2,1,2026,7,223,1,,,,,1,1,6,15,True,
ann1727101_box_n20_t1,465822,1727101,box,0.2,1,2026,,,,6,189,35,259,1,1,6,15,,0.4609053497942387
ann1727101_point_n20_t2,465822,1727101,point,0.2,2,2026,7,193,1,,,,,1,-1,6,-15,True,
ann1727101_box_n20_t2,465822,1727101,box,0.2,2,2026,,,,6,159,35,229,1,-1,6,-15,,0.4609053497942387
ann1727101_point_n20_t3,465822,1727101,point,0.2,3,2026,0,223,1,,,,,-1,1,-6,15,True,
ann1727101_box_n20_t3,465822,1727101,box,0.2,3,2026,,,,0,189,23,259,-1,1,-6,15,,0.5397590361445783
ann1445867_point_n00_t0,360097,1445867,point,0.0,0,2026,274,52,1,,,,,0,0,0,0,True,
ann1445867_box_n00_t0,360097,1445867,box,0.0,0,2026,,,,255,34,295,71,0,0,0,0,,1.0
ann1445867_point_n10_t1,360097,1445867,point,0.1,1,2026,278,56,1,,,,,1,1,4,4,True,
ann1445867_box_n10_t1,360097,1445867,box,0.1,1,2026,,,,259,38,299,75,1,1,4,4,,0.6770721205597416
ann1445867_point_n10_t2,360097,1445867,point,0.1,2,2026,278,48,1,,,,,1,-1,4,-4,True,
ann1445867_box_n10_t2,360097,1445867,box,0.1,2,2026,,,,259,30,299,67,1,-1,4,-4,,0.6770721205597416
ann1445867_point_n10_t3,360097,1445867,point,0.1,3,2026,270,48,1,,,,,-1,-1,-4,-4,True,
ann1445867_box_n10_t3,360097,1445867,box,0.1,3,2026,,,,251,30,291,67,-1,-1,-4,-4,,0.6770721205597416
ann1445867_point_n20_t1,360097,1445867,point,0.2,1,2026,282,60,1,,,,,1,1,8,8,True,
ann1445867_box_n20_t1,360097,1445867,box,0.2,1,2026,,,,263,42,303,79,1,1,8,8,,0.4656632173095014
ann1445867_point_n20_t2,360097,1445867,point,0.2,2,2026,282,44,1,,,,,1,-1,8,-8,True,
ann1445867_box_n20_t2,360097,1445867,box,0.2,2,2026,,,,263,26,303,63,1,-1,8,-8,,0.4656632173095014
ann1445867_point_n20_t3,360097,1445867,point,0.2,3,2026,266,44,1,,,,,-1,-1,-8,-8,True,
ann1445867_box_n20_t3,360097,1445867,box,0.2,3,2026,,,,247,26,287,63,-1,-1,-8,-8,,0.4656632173095014
ann174678_point_n00_t0,217400,174678,point,0.0,0,2026,426,248,1,,,,,0,0,0,0,True,
ann174678_box_n00_t0,217400,174678,box,0.0,0,2026,,,,0,131,535,366,0,0,0,0,,1.0
ann174678_point_n10_t1,217400,174678,point,0.1,1,2026,480,224,1,,,,,1,-1,54,-24,True,
ann174678_box_n10_t1,217400,174678,box,0.1,1,2026,,,,54,107,589,342,1,-1,54,-24,,0.6775767863773805
ann174678_point_n10_t2,217400,174678,point,0.1,2,2026,372,272,1,,,,,-1,1,-54,24,True,
ann174678_box_n10_t2,217400,174678,box,0.1,2,2026,,,,0,155,481,390,-1,1,-54,24,,0.7401205238150423
ann174678_point_n10_t3,217400,174678,point,0.1,3,2026,480,272,1,,,,,1,1,54,24,True,
ann174678_box_n10_t3,217400,174678,box,0.1,3,2026,,,,54,155,589,390,1,1,54,24,,0.6775767863773805
ann174678_point_n20_t1,217400,174678,point,0.2,1,2026,533,201,1,,,,,1,-1,107,-47,True,
ann174678_box_n20_t1,217400,174678,box,0.2,1,2026,,,,107,84,639,319,1,-1,107,-47,,0.47359567297302035
ann174678_point_n20_t2,217400,174678,point,0.2,2,2026,319,295,1,,,,,-1,1,-107,47,True,
ann174678_box_n20_t2,217400,174678,box,0.2,2,2026,,,,0,178,428,413,-1,1,-107,47,,0.5528538991810935
ann174678_point_n20_t3,217400,174678,point,0.2,3,2026,533,295,1,,,,,1,1,107,47,True,
ann174678_box_n20_t3,217400,174678,box,0.2,3,2026,,,,107,178,639,413,1,1,107,47,,0.47359567297302035
ann592288_point_n00_t0,93965,592288,point,0.0,0,2026,354,238,1,,,,,0,0,0,0,True,
ann592288_box_n00_t0,93965,592288,box,0.0,0,2026,,,,57,94,429,422,0,0,0,0,,1.0
ann592288_point_n10_t1,93965,592288,point,0.1,1,2026,317,205,1,,,,,-1,-1,-37,-33,True,
ann592288_box_n10_t1,93965,592288,box,0.1,1,2026,,,,20,61,392,389,-1,-1,-37,-33,,0.6813081423228158
ann592288_point_n10_t2,93965,592288,point,0.1,2,2026,317,271,1,,,,,-1,1,-37,33,True,
ann592288_box_n10_t2,93965,592288,box,0.1,2,2026,,,,20,127,392,455,-1,1,-37,33,,0.6813081423228158
ann592288_point_n10_t3,93965,592288,point,0.1,3,2026,391,205,1,,,,,1,-1,37,-33,True,
ann592288_box_n10_t3,93965,592288,box,0.1,3,2026,,,,94,61,466,389,1,-1,37,-33,,0.6813081423228158
ann592288_point_n20_t1,93965,592288,point,0.2,1,2026,279,172,1,,,,,-1,-1,-75,-66,True,
ann592288_box_n20_t1,93965,592288,box,0.2,1,2026,,,,0,28,354,356,-1,-1,-75,-66,,0.48637813551117676
ann592288_point_n20_t2,93965,592288,point,0.2,2,2026,279,304,1,,,,,-1,1,-75,66,True,
ann592288_box_n20_t2,93965,592288,box,0.2,2,2026,,,,0,160,354,456,-1,1,-75,66,,0.5232677696323893
ann592288_point_n20_t3,93965,592288,point,0.2,3,2026,429,172,1,,,,,1,-1,75,-66,False,
ann592288_box_n20_t3,93965,592288,box,0.2,3,2026,,,,132,28,504,356,1,-1,75,-66,,0.4691368370645277
ann451372_point_n00_t0,109992,451372,point,0.0,0,2026,64,262,1,,,,,0,0,0,0,True,
ann451372_box_n00_t0,109992,451372,box,0.0,0,2026,,,,24,204,92,320,0,0,0,0,,1.0
ann451372_point_n10_t1,109992,451372,point,0.1,1,2026,71,274,1,,,,,1,1,7,12,True,
ann451372_box_n10_t1,109992,451372,box,0.1,1,2026,,,,31,216,99,332,1,1,7,12,,0.6755915317559154
ann451372_point_n10_t2,109992,451372,point,0.1,2,2026,57,250,1,,,,,-1,-1,-7,-12,True,
ann451372_box_n10_t2,109992,451372,box,0.1,2,2026,,,,17,192,85,308,-1,-1,-7,-12,,0.6755915317559154
ann451372_point_n10_t3,109992,451372,point,0.1,3,2026,57,274,1,,,,,-1,1,-7,12,True,
ann451372_box_n10_t3,109992,451372,box,0.1,3,2026,,,,17,216,85,332,-1,1,-7,12,,0.6755915317559154
ann451372_point_n20_t1,109992,451372,point,0.2,1,2026,78,285,1,,,,,1,1,14,23,False,
ann451372_box_n20_t1,109992,451372,box,0.2,1,2026,,,,38,227,106,343,1,1,14,23,,0.47102769679300294
ann451372_point_n20_t2,109992,451372,point,0.2,2,2026,50,239,1,,,,,-1,-1,-14,-23,True,
ann451372_box_n20_t2,109992,451372,box,0.2,2,2026,,,,10,181,78,297,-1,-1,-14,-23,,0.47102769679300294
ann451372_point_n20_t3,109992,451372,point,0.2,3,2026,50,285,1,,,,,-1,1,-14,23,True,
ann451372_box_n20_t3,109992,451372,box,0.2,3,2026,,,,10,227,78,343,-1,1,-14,23,,0.47102769679300294
ann2194765_point_n00_t0,348045,2194765,point,0.0,0,2026,299,490,1,,,,,0,0,0,0,True,
ann2194765_box_n00_t0,348045,2194765,box,0.0,0,2026,,,,238,408,361,594,0,0,0,0,,1.0
ann2194765_point_n10_t1,348045,2194765,point,0.1,1,2026,311,509,1,,,,,1,1,12,19,True,
ann2194765_box_n10_t1,348045,2194765,box,0.1,1,2026,,,,250,427,373,613,1,1,12,19,,0.6827285921625544
ann2194765_point_n10_t2,348045,2194765,point,0.1,2,2026,287,471,1,,,,,-1,-1,-12,-19,True,
ann2194765_box_n10_t2,348045,2194765,box,0.1,2,2026,,,,226,389,349,575,-1,-1,-12,-19,,0.6827285921625544
ann2194765_point_n10_t3,348045,2194765,point,0.1,3,2026,287,509,1,,,,,-1,1,-12,19,True,
ann2194765_box_n10_t3,348045,2194765,box,0.1,3,2026,,,,226,427,349,613,-1,1,-12,19,,0.6827285921625544
ann2194765_point_n20_t1,348045,2194765,point,0.2,1,2026,324,527,1,,,,,1,1,25,37,True,
ann2194765_box_n20_t1,348045,2194765,box,0.2,1,2026,,,,263,445,386,631,1,1,25,37,,0.471039776692254
ann2194765_point_n20_t2,348045,2194765,point,0.2,2,2026,274,453,1,,,,,-1,-1,-25,-37,True,
ann2194765_box_n20_t2,348045,2194765,box,0.2,2,2026,,,,213,371,336,557,-1,-1,-25,-37,,0.471039776692254
ann2194765_point_n20_t3,348045,2194765,point,0.2,3,2026,274,527,1,,,,,-1,1,-25,37,True,
ann2194765_box_n20_t3,348045,2194765,box,0.2,3,2026,,,,213,445,336,631,-1,1,-25,37,,0.471039776692254
ann36588_point_n00_t0,337987,36588,point,0.0,0,2026,286,192,1,,,,,0,0,0,0,True,
ann36588_box_n00_t0,337987,36588,box,0.0,0,2026,,,,157,57,417,479,0,0,0,0,,1.0
ann36588_point_n10_t1,337987,36588,point,0.1,1,2026,312,234,1,,,,,1,1,26,42,True,
ann36588_box_n10_t1,337987,36588,box,0.1,1,2026,,,,183,99,443,479,1,1,26,42,,0.7442086626935641
ann36588_point_n10_t2,337987,36588,point,0.1,2,2026,260,234,1,,,,,-1,1,-26,42,True,
ann36588_box_n10_t2,337987,36588,box,0.1,2,2026,,,,131,99,391,479,-1,1,-26,42,,0.7442086626935641
ann36588_point_n10_t3,337987,36588,point,0.1,3,2026,260,150,1,,,,,-1,-1,-26,-42,True,
ann36588_box_n10_t3,337987,36588,box,0.1,3,2026,,,,131,15,391,437,-1,-1,-26,-42,,0.682062298603652
ann36588_point_n20_t1,337987,36588,point,0.2,1,2026,338,277,1,,,,,1,1,52,85,False,
ann36588_box_n20_t1,337987,36588,box,0.2,1,2026,,,,209,142,469,479,1,1,52,85,,0.5519811844130678
ann36588_point_n20_t2,337987,36588,point,0.2,2,2026,234,277,1,,,,,-1,1,-52,85,False,
ann36588_box_n20_t2,337987,36588,box,0.2,2,2026,,,,105,142,365,479,-1,1,-52,85,,0.5519811844130678
ann36588_point_n20_t3,337987,36588,point,0.2,3,2026,234,107,1,,,,,-1,-1,-52,-85,False,
ann36588_box_n20_t3,337987,36588,box,0.2,3,2026,,,,105,0,365,394,-1,-1,-52,-85,,0.4944979559836479
ann1825525_point_n00_t0,94944,1825525,point,0.0,0,2026,402,236,1,,,,,0,0,0,0,True,
ann1825525_box_n00_t0,94944,1825525,box,0.0,0,2026,,,,384,229,439,327,0,0,0,0,,1.0
ann1825525_point_n10_t1,94944,1825525,point,0.1,1,2026,396,246,1,,,,,-1,1,-6,10,False,
ann1825525_box_n10_t1,94944,1825525,box,0.1,1,2026,,,,378,239,433,337,-1,1,-6,10,,0.6703826453751129
ann1825525_point_n10_t2,94944,1825525,point,0.1,2,2026,408,226,1,,,,,1,-1,6,-10,False,
ann1825525_box_n10_t2,94944,1825525,box,0.1,2,2026,,,,390,219,445,317,1,-1,6,-10,,0.6703826453751129
ann1825525_point_n10_t3,94944,1825525,point,0.1,3,2026,408,246,1,,,,,1,1,6,10,True,
ann1825525_box_n10_t3,94944,1825525,box,0.1,3,2026,,,,390,239,445,337,1,1,6,10,,0.6703826453751129
ann1825525_point_n20_t1,94944,1825525,point,0.2,1,2026,391,256,1,,,,,-1,1,-11,20,False,
ann1825525_box_n20_t1,94944,1825525,box,0.2,1,2026,,,,373,249,428,347,-1,1,-11,20,,0.47192353643966545
ann1825525_point_n20_t2,94944,1825525,point,0.2,2,2026,413,216,1,,,,,1,-1,11,-20,False,
ann1825525_box_n20_t2,94944,1825525,box,0.2,2,2026,,,,395,209,450,307,1,-1,11,-20,,0.47192353643966545
ann1825525_point_n20_t3,94944,1825525,point,0.2,3,2026,413,256,1,,,,,1,1,11,20,False,
ann1825525_box_n20_t3,94944,1825525,box,0.2,3,2026,,,,395,249,450,347,1,1,11,20,,0.47192353643966545
ann1880859_point_n00_t0,144798,1880859,point,0.0,0,2026,205,212,1,,,,,0,0,0,0,True,
ann1880859_box_n00_t0,144798,1880859,box,0.0,0,2026,,,,182,189,230,265,0,0,0,0,,1.0
ann1880859_point_n10_t1,144798,1880859,point,0.1,1,2026,200,220,1,,,,,-1,1,-5,8,True,
ann1880859_box_n10_t1,144798,1880859,box,0.1,1,2026,,,,177,197,225,273,-1,1,-5,8,,0.6731707317073171
ann1880859_point_n10_t2,144798,1880859,point,0.1,2,2026,210,220,1,,,,,1,1,5,8,True,
ann1880859_box_n10_t2,144798,1880859,box,0.1,2,2026,,,,187,197,235,273,1,1,5,8,,0.6731707317073171
ann1880859_point_n10_t3,144798,1880859,point,0.1,3,2026,200,204,1,,,,,-1,-1,-5,-8,True,
ann1880859_box_n10_t3,144798,1880859,box,0.1,3,2026,,,,177,181,225,257,-1,-1,-5,-8,,0.6731707317073171
ann1880859_point_n20_t1,144798,1880859,point,0.2,1,2026,195,227,1,,,,,-1,1,-10,15,True,
ann1880859_box_n20_t1,144798,1880859,box,0.2,1,2026,,,,172,204,220,280,-1,1,-10,15,,0.4715288611544462
ann1880859_point_n20_t2,144798,1880859,point,0.2,2,2026,215,227,1,,,,,1,1,10,15,True,
ann1880859_box_n20_t2,144798,1880859,box,0.2,2,2026,,,,192,204,240,280,1,1,10,15,,0.4715288611544462
ann1880859_point_n20_t3,144798,1880859,point,0.2,3,2026,195,197,1,,,,,-1,-1,-10,-15,True,
ann1880859_box_n20_t3,144798,1880859,box,0.2,3,2026,,,,172,174,220,250,-1,-1,-10,-15,,0.4715288611544462
ann657044_point_n00_t0,361147,657044,point,0.0,0,2026,165,75,1,,,,,0,0,0,0,True,
ann657044_box_n00_t0,361147,657044,box,0.0,0,2026,,,,115,21,241,232,0,0,0,0,,1.0
ann657044_point_n10_t1,361147,657044,point,0.1,1,2026,152,54,1,,,,,-1,-1,-13,-21,True,
ann657044_box_n10_t1,361147,657044,box,0.1,1,2026,,,,102,0,228,211,-1,-1,-13,-21,,0.6788676186319137
ann657044_point_n10_t2,361147,657044,point,0.1,2,2026,178,96,1,,,,,1,1,13,21,True,
ann657044_box_n10_t2,361147,657044,box,0.1,2,2026,,,,128,42,254,253,1,1,13,21,,0.6788676186319137
ann657044_point_n10_t3,361147,657044,point,0.1,3,2026,152,96,1,,,,,-1,1,-13,21,True,
ann657044_box_n10_t3,361147,657044,box,0.1,3,2026,,,,102,42,228,253,-1,1,-13,21,,0.6788676186319137
ann657044_point_n20_t1,361147,657044,point,0.2,1,2026,140,33,1,,,,,-1,-1,-25,-42,True,
ann657044_box_n20_t1,361147,657044,box,0.2,1,2026,,,,90,0,216,190,-1,-1,-25,-42,,0.5123962057858811
ann657044_point_n20_t2,361147,657044,point,0.2,2,2026,190,117,1,,,,,1,1,25,42,True,
ann657044_box_n20_t2,361147,657044,box,0.2,2,2026,,,,140,63,266,274,1,1,25,42,,0.4749643913662759
ann657044_point_n20_t3,361147,657044,point,0.2,3,2026,140,117,1,,,,,-1,1,-25,42,False,
ann657044_box_n20_t3,361147,657044,box,0.2,3,2026,,,,90,63,216,274,-1,1,-25,42,,0.4749643913662759
ann170892_point_n00_t0,151857,170892,point,0.0,0,2026,240,229,1,,,,,0,0,0,0,True,
ann170892_box_n00_t0,151857,170892,box,0.0,0,2026,,,,51,69,639,396,0,0,0,0,,1.0
ann170892_point_n10_t1,151857,170892,point,0.1,1,2026,181,196,1,,,,,-1,-1,-59,-33,True,
ann170892_box_n10_t1,151857,170892,box,0.1,1,2026,,,,0,36,580,363,-1,-1,-59,-33,,0.6875247350600238
ann170892_point_n10_t2,151857,170892,point,0.1,2,2026,299,196,1,,,,,1,-1,59,-33,True,
ann170892_box_n10_t2,151857,170892,box,0.1,2,2026,,,,110,36,639,363,1,-1,59,-33,,0.7421137069137372
ann170892_point_n10_t3,151857,170892,point,0.1,3,2026,299,262,1,,,,,1,1,59,33,True,
ann170892_box_n10_t3,151857,170892,box,0.1,3,2026,,,,110,102,639,429,1,1,59,33,,0.7421137069137372
ann170892_point_n20_t1,151857,170892,point,0.2,1,2026,122,163,1,,,,,-1,-1,-118,-66,True,
ann170892_box_n20_t1,151857,170892,box,0.2,1,2026,,,,0,3,521,330,-1,-1,-118,-66,,0.5120287461722944
ann170892_point_n20_t2,151857,170892,point,0.2,2,2026,358,163,1,,,,,1,-1,118,-66,True,
ann170892_box_n20_t2,151857,170892,box,0.2,2,2026,,,,169,3,639,330,1,-1,118,-66,,0.5502189247273473
ann170892_point_n20_t3,151857,170892,point,0.2,3,2026,358,295,1,,,,,1,1,118,66,True,
ann170892_box_n20_t3,151857,170892,box,0.2,3,2026,,,,169,135,639,452,1,1,118,66,,0.5620217882387233
ann1070882_point_n00_t0,248400,1070882,point,0.0,0,2026,441,396,1,,,,,0,0,0,0,True,
ann1070882_box_n00_t0,248400,1070882,box,0.0,0,2026,,,,273,371,522,421,0,0,0,0,,1.0
ann1070882_point_n10_t1,248400,1070882,point,0.1,1,2026,416,401,1,,,,,-1,1,-25,5,True,
ann1070882_box_n10_t1,248400,1070882,box,0.1,1,2026,,,,248,376,497,426,-1,1,-25,5,,0.6831683168316832
ann1070882_point_n10_t2,248400,1070882,point,0.1,2,2026,416,391,1,,,,,-1,-1,-25,-5,True,
ann1070882_box_n10_t2,248400,1070882,box,0.1,2,2026,,,,248,366,497,416,-1,-1,-25,-5,,0.6831683168316832
ann1070882_point_n10_t3,248400,1070882,point,0.1,3,2026,466,391,1,,,,,1,-1,25,-5,True,
ann1070882_box_n10_t3,248400,1070882,box,0.1,3,2026,,,,298,366,547,416,1,-1,25,-5,,0.6831683168316832
ann1070882_point_n20_t1,248400,1070882,point,0.2,1,2026,391,406,1,,,,,-1,1,-50,10,True,
ann1070882_box_n20_t1,248400,1070882,box,0.2,1,2026,,,,223,381,472,426,-1,1,-50,10,,0.5109034267912772
ann1070882_point_n20_t2,248400,1070882,point,0.2,2,2026,391,386,1,,,,,-1,-1,-50,-10,True,
ann1070882_box_n20_t2,248400,1070882,box,0.2,2,2026,,,,223,361,472,411,-1,-1,-50,-10,,0.47398843930635837
ann1070882_point_n20_t3,248400,1070882,point,0.2,3,2026,491,386,1,,,,,1,-1,50,-10,True,
ann1070882_box_n20_t3,248400,1070882,box,0.2,3,2026,,,,323,361,572,411,1,-1,50,-10,,0.47398843930635837
ann2132347_point_n00_t0,389381,2132347,point,0.0,0,2026,267,267,1,,,,,0,0,0,0,True,
ann2132347_box_n00_t0,389381,2132347,box,0.0,0,2026,,,,1,1,639,533,0,0,0,0,,1.0
ann2132347_point_n10_t1,389381,2132347,point,0.1,1,2026,331,214,1,,,,,1,-1,64,-53,True,
ann2132347_box_n10_t1,389381,2132347,box,0.1,1,2026,,,,65,0,639,480,1,-1,64,-53,,0.8089998299927893
ann2132347_point_n10_t2,389381,2132347,point,0.1,2,2026,331,320,1,,,,,1,1,64,53,True,
ann2132347_box_n10_t2,389381,2132347,box,0.1,2,2026,,,,65,54,639,542,1,1,64,53,,0.7982369375466362
ann2132347_point_n10_t3,389381,2132347,point,0.1,3,2026,203,320,1,,,,,-1,1,-64,53,True,
ann2132347_box_n10_t3,389381,2132347,box,0.1,3,2026,,,,0,54,575,542,-1,1,-64,53,,0.7971096112357798
ann2132347_point_n20_t1,389381,2132347,point,0.2,1,2026,395,160,1,,,,,1,-1,128,-107,True,
ann2132347_box_n20_t1,389381,2132347,box,0.2,1,2026,,,,129,0,639,426,1,-1,128,-107,,0.6381919565638028
ann2132347_point_n20_t2,389381,2132347,point,0.2,2,2026,395,374,1,,,,,1,1,128,107,True,
ann2132347_box_n20_t2,389381,2132347,box,0.2,2,2026,,,,129,108,639,542,1,1,128,107,,0.6306339191044829
ann2132347_point_n20_t3,389381,2132347,point,0.2,3,2026,139,374,1,,,,,-1,1,-128,107,True,
ann2132347_box_n20_t3,389381,2132347,box,0.2,3,2026,,,,0,108,511,542,-1,1,-128,107,,0.6298402006822502
ann2215064_point_n00_t0,313034,2215064,point,0.0,0,2026,608,279,1,,,,,0,0,0,0,True,
ann2215064_box_n00_t0,313034,2215064,box,0.0,0,2026,,,,603,275,612,287,0,0,0,0,,1.0
ann2215064_point_n10_t1,313034,2215064,point,0.1,1,2026,607,280,1,,,,,-1,1,-1,1,True,
ann2215064_box_n10_t1,313034,2215064,box,0.1,1,2026,,,,602,276,611,288,-1,1,-1,1,,0.7105263157894737
ann2215064_point_n10_t2,313034,2215064,point,0.1,2,2026,607,278,1,,,,,-1,-1,-1,-1,True,
ann2215064_box_n10_t2,313034,2215064,box,0.1,2,2026,,,,602,274,611,286,-1,-1,-1,-1,,0.7105263157894737
ann2215064_point_n10_t3,313034,2215064,point,0.1,3,2026,609,280,1,,,,,1,1,1,1,True,
ann2215064_box_n10_t3,313034,2215064,box,0.1,3,2026,,,,604,276,613,288,1,1,1,1,,0.7105263157894737
ann2215064_point_n20_t1,313034,2215064,point,0.2,1,2026,606,282,1,,,,,-1,1,-2,3,True,
ann2215064_box_n20_t1,313034,2215064,box,0.2,1,2026,,,,601,278,610,290,-1,1,-2,3,,0.4444444444444444
ann2215064_point_n20_t2,313034,2215064,point,0.2,2,2026,606,276,1,,,,,-1,-1,-2,-3,True,
ann2215064_box_n20_t2,313034,2215064,box,0.2,2,2026,,,,601,272,610,284,-1,-1,-2,-3,,0.4444444444444444
ann2215064_point_n20_t3,313034,2215064,point,0.2,3,2026,610,282,1,,,,,1,1,2,3,True,
ann2215064_box_n20_t3,313034,2215064,box,0.2,3,2026,,,,605,278,614,290,1,1,2,3,,0.4444444444444444
ann2227685_point_n00_t0,222455,2227685,point,0.0,0,2026,415,449,1,,,,,0,0,0,0,True,
ann2227685_box_n00_t0,222455,2227685,box,0.0,0,2026,,,,23,296,570,592,0,0,0,0,,1.0
ann2227685_point_n10_t1,222455,2227685,point,0.1,1,2026,470,479,1,,,,,1,1,55,30,True,
ann2227685_box_n10_t1,222455,2227685,box,0.1,1,2026,,,,78,326,611,611,1,1,55,30,,0.715973434720885
ann2227685_point_n10_t2,222455,2227685,point,0.1,2,2026,470,419,1,,,,,1,-1,55,-30,True,
ann2227685_box_n10_t2,222455,2227685,box,0.1,2,2026,,,,78,266,611,562,1,-1,55,-30,,0.6938062332980187
ann2227685_point_n10_t3,222455,2227685,point,0.1,3,2026,360,419,1,,,,,-1,-1,-55,-30,True,
ann2227685_box_n10_t3,222455,2227685,box,0.1,3,2026,,,,0,266,515,562,-1,-1,-55,-30,,0.713923103207016
ann2227685_point_n20_t1,222455,2227685,point,0.2,1,2026,525,508,1,,,,,1,1,110,59,True,
ann2227685_box_n20_t1,222455,2227685,box,0.2,1,2026,,,,133,355,611,611,1,1,110,59,,0.5739834264790904
ann2227685_point_n20_t2,222455,2227685,point,0.2,2,2026,525,390,1,,,,,1,-1,110,-59,True,
ann2227685_box_n20_t2,222455,2227685,box,0.2,2,2026,,,,133,237,611,533,1,-1,110,-59,,0.5192080687336571
ann2227685_point_n20_t3,222455,2227685,point,0.2,3,2026,305,390,1,,,,,-1,-1,-110,-59,True,
ann2227685_box_n20_t3,222455,2227685,box,0.2,3,2026,,,,0,237,460,533,-1,-1,-110,-59,,0.5334111109405462
ann1152662_point_n00_t0,213224,1152662,point,0.0,0,2026,264,418,1,,,,,0,0,0,0,True,
ann1152662_box_n00_t0,213224,1152662,box,0.0,0,2026,,,,206,325,321,510,0,0,0,0,,1.0
ann1152662_point_n10_t1,213224,1152662,point,0.1,1,2026,252,437,1,,,,,-1,1,-12,19,True,
ann1152662_box_n10_t1,213224,1152662,box,0.1,1,2026,,,,194,344,309,529,-1,1,-12,19,,0.673596028544834
ann1152662_point_n10_t2,213224,1152662,point,0.1,2,2026,276,437,1,,,,,1,1,12,19,True,
ann1152662_box_n10_t2,213224,1152662,box,0.1,2,2026,,,,218,344,333,529,1,1,12,19,,0.673596028544834
ann1152662_point_n10_t3,213224,1152662,point,0.1,3,2026,252,399,1,,,,,-1,-1,-12,-19,True,
ann1152662_box_n10_t3,213224,1152662,box,0.1,3,2026,,,,194,306,309,491,-1,-1,-12,-19,,0.673596028544834
ann1152662_point_n20_t1,213224,1152662,point,0.2,1,2026,241,455,1,,,,,-1,1,-23,37,True,
ann1152662_box_n20_t1,213224,1152662,box,0.2,1,2026,,,,183,362,298,547,-1,1,-23,37,,0.473015873015873
ann1152662_point_n20_t2,213224,1152662,point,0.2,2,2026,287,455,1,,,,,1,1,23,37,True,
ann1152662_box_n20_t2,213224,1152662,box,0.2,2,2026,,,,229,362,344,547,1,1,23,37,,0.473015873015873
ann1152662_point_n20_t3,213224,1152662,point,0.2,3,2026,241,381,1,,,,,-1,-1,-23,-37,True,
ann1152662_box_n20_t3,213224,1152662,box,0.2,3,2026,,,,183,288,298,473,-1,-1,-23,-37,,0.473015873015873
ann173475_point_n00_t0,519338,173475,point,0.0,0,2026,332,195,1,,,,,0,0,0,0,True,
ann173475_box_n00_t0,519338,173475,box,0.0,0,2026,,,,159,77,484,376,0,0,0,0,,1.0
ann173475_point_n10_t1,519338,173475,point,0.1,1,2026,365,165,1,,,,,1,-1,33,-30,True,
ann173475_box_n10_t1,519338,173475,box,0.1,1,2026,,,,192,47,517,346,1,-1,33,-30,,0.6791140870460983
ann173475_point_n10_t2,519338,173475,point,0.1,2,2026,299,165,1,,,,,-1,-1,-33,-30,True,
ann173475_box_n10_t2,519338,173475,box,0.1,2,2026,,,,126,47,451,346,-1,-1,-33,-30,,0.6791140870460983
ann173475_point_n10_t3,519338,173475,point,0.1,3,2026,299,225,1,,,,,-1,1,-33,30,True,
ann173475_box_n10_t3,519338,173475,box,0.1,3,2026,,,,126,107,451,406,-1,1,-33,30,,0.6791140870460983
ann173475_point_n20_t1,519338,173475,point,0.2,1,2026,397,135,1,,,,,1,-1,65,-60,True,
ann173475_box_n20_t1,519338,173475,box,0.2,1,2026,,,,224,17,549,316,1,-1,65,-60,,0.4711191335740072
ann173475_point_n20_t2,519338,173475,point,0.2,2,2026,267,135,1,,,,,-1,-1,-65,-60,True,
ann173475_box_n20_t2,519338,173475,box,0.2,2,2026,,,,94,17,419,316,-1,-1,-65,-60,,0.4711191335740072
ann173475_point_n20_t3,519338,173475,point,0.2,3,2026,267,255,1,,,,,-1,1,-65,60,True,
ann173475_box_n20_t3,519338,173475,box,0.2,3,2026,,,,94,137,419,425,-1,1,-65,60,,0.4841776554794626
ann1902534_point_n00_t0,465806,1902534,point,0.0,0,2026,230,329,1,,,,,0,0,0,0,True,
ann1902534_box_n00_t0,465806,1902534,box,0.0,0,2026,,,,183,283,278,401,0,0,0,0,,1.0
ann1902534_point_n10_t1,465806,1902534,point,0.1,1,2026,220,341,1,,,,,-1,1,-10,12,True,
ann1902534_box_n10_t1,465806,1902534,box,0.1,1,2026,,,,173,295,268,413,-1,1,-10,12,,0.6743368019932581
ann1902534_point_n10_t2,465806,1902534,point,0.1,2,2026,220,317,1,,,,,-1,-1,-10,-12,True,
ann1902534_box_n10_t2,465806,1902534,box,0.1,2,2026,,,,173,271,268,389,-1,-1,-10,-12,,0.6743368019932581
ann1902534_point_n10_t3,465806,1902534,point,0.1,3,2026,240,341,1,,,,,1,1,10,12,True,
ann1902534_box_n10_t3,465806,1902534,box,0.1,3,2026,,,,193,295,288,413,1,1,10,12,,0.6743368019932581
ann1902534_point_n20_t1,465806,1902534,point,0.2,1,2026,211,353,1,,,,,-1,1,-19,24,True,
ann1902534_box_n20_t1,465806,1902534,box,0.2,1,2026,,,,164,307,259,425,-1,1,-19,24,,0.4709328526363227
ann1902534_point_n20_t2,465806,1902534,point,0.2,2,2026,211,305,1,,,,,-1,-1,-19,-24,True,
ann1902534_box_n20_t2,465806,1902534,box,0.2,2,2026,,,,164,259,259,377,-1,-1,-19,-24,,0.4709328526363227
ann1902534_point_n20_t3,465806,1902534,point,0.2,3,2026,249,353,1,,,,,1,1,19,24,True,
ann1902534_box_n20_t3,465806,1902534,box,0.2,3,2026,,,,202,307,297,425,1,1,19,24,,0.4709328526363227
ann1444448_point_n00_t0,329080,1444448,point,0.0,0,2026,0,328,1,,,,,0,0,0,0,True,
ann1444448_box_n00_t0,329080,1444448,box,0.0,0,2026,,,,0,304,20,347,0,0,0,0,,1.0
ann1444448_point_n10_t1,329080,1444448,point,0.1,1,2026,2,332,1,,,,,1,1,2,4,True,
ann1444448_box_n10_t1,329080,1444448,box,0.1,1,2026,,,,2,308,22,351,1,1,2,4,,0.6985294117647058
ann1444448_point_n10_t2,329080,1444448,point,0.1,2,2026,0,332,1,,,,,-1,1,-2,4,True,
ann1444448_box_n10_t2,329080,1444448,box,0.1,2,2026,,,,0,308,18,351,-1,1,-2,4,,0.76
ann1444448_point_n10_t3,329080,1444448,point,0.1,3,2026,0,324,1,,,,,-1,-1,-2,-4,True,
ann1444448_box_n10_t3,329080,1444448,box,0.1,3,2026,,,,0,300,18,343,-1,-1,-2,-4,,0.76
ann1444448_point_n20_t1,329080,1444448,point,0.2,1,2026,4,337,1,,,,,1,1,4,9,True,
ann1444448_box_n20_t1,329080,1444448,box,0.2,1,2026,,,,4,313,24,356,1,1,4,9,,0.4748603351955307
ann1444448_point_n20_t2,329080,1444448,point,0.2,2,2026,0,337,1,,,,,-1,1,-4,9,True,
ann1444448_box_n20_t2,329080,1444448,box,0.2,2,2026,,,,0,313,16,356,-1,1,-4,9,,0.552460538532962
ann1444448_point_n20_t3,329080,1444448,point,0.2,3,2026,0,319,1,,,,,-1,-1,-4,-9,True,
ann1444448_box_n20_t3,329080,1444448,box,0.2,3,2026,,,,0,295,16,338,-1,-1,-4,-9,,0.552460538532962
ann601827_point_n00_t0,128654,601827,point,0.0,0,2026,215,294,1,,,,,0,0,0,0,True,
ann601827_box_n00_t0,128654,601827,box,0.0,0,2026,,,,176,275,252,313,0,0,0,0,,1.0
ann601827_point_n10_t1,128654,601827,point,0.1,1,2026,207,298,1,,,,,-1,1,-8,4,True,
ann601827_box_n10_t1,128654,601827,box,0.1,1,2026,,,,168,279,244,317,-1,1,-8,4,,0.672514619883041
ann601827_point_n10_t2,128654,601827,point,0.1,2,2026,223,298,1,,,,,1,1,8,4,True,
ann601827_box_n10_t2,128654,601827,box,0.1,2,2026,,,,184,279,260,317,1,1,8,4,,0.672514619883041
ann601827_point_n10_t3,128654,601827,point,0.1,3,2026,207,290,1,,,,,-1,-1,-8,-4,True,
ann601827_box_n10_t3,128654,601827,box,0.1,3,2026,,,,168,271,244,309,-1,-1,-8,-4,,0.672514619883041
ann601827_point_n20_t1,128654,601827,point,0.2,1,2026,200,302,1,,,,,-1,1,-15,8,True,
ann601827_box_n20_t1,128654,601827,box,0.2,1,2026,,,,161,283,237,321,-1,1,-15,8,,0.470617042115573
ann601827_point_n20_t2,128654,601827,point,0.2,2,2026,230,302,1,,,,,1,1,15,8,True,
ann601827_box_n20_t2,128654,601827,box,0.2,2,2026,,,,191,283,267,321,1,1,15,8,,0.470617042115573
ann601827_point_n20_t3,128654,601827,point,0.2,3,2026,200,286,1,,,,,-1,-1,-15,-8,True,
ann601827_box_n20_t3,128654,601827,box,0.2,3,2026,,,,161,267,237,305,-1,-1,-15,-8,,0.470617042115573
ann1372916_point_n00_t0,124277,1372916,point,0.0,0,2026,599,308,1,,,,,0,0,0,0,True,
ann1372916_box_n00_t0,124277,1372916,box,0.0,0,2026,,,,592,300,608,318,0,0,0,0,,1.0
ann1372916_point_n10_t1,124277,1372916,point,0.1,1,2026,597,306,1,,,,,-1,-1,-2,-2,True,
ann1372916_box_n10_t1,124277,1372916,box,0.1,1,2026,,,,590,298,606,316,-1,-1,-2,-2,,0.6521739130434783
ann1372916_point_n10_t2,124277,1372916,point,0.1,2,2026,597,310,1,,,,,-1,1,-2,2,True,
ann1372916_box_n10_t2,124277,1372916,box,0.1,2,2026,,,,590,302,606,320,-1,1,-2,2,,0.6521739130434783
ann1372916_point_n10_t3,124277,1372916,point,0.1,3,2026,601,310,1,,,,,1,1,2,2,True,
ann1372916_box_n10_t3,124277,1372916,box,0.1,3,2026,,,,594,302,610,320,1,1,2,2,,0.6521739130434783
ann1372916_point_n20_t1,124277,1372916,point,0.2,1,2026,596,304,1,,,,,-1,-1,-3,-4,True,
ann1372916_box_n20_t1,124277,1372916,box,0.2,1,2026,,,,589,296,605,314,-1,-1,-3,-4,,0.481651376146789
ann1372916_point_n20_t2,124277,1372916,point,0.2,2,2026,596,312,1,,,,,-1,1,-3,4,True,
ann1372916_box_n20_t2,124277,1372916,box,0.2,2,2026,,,,589,304,605,322,-1,1,-3,4,,0.481651376146789
ann1372916_point_n20_t3,124277,1372916,point,0.2,3,2026,602,312,1,,,,,1,1,3,4,True,
ann1372916_box_n20_t3,124277,1372916,box,0.2,3,2026,,,,595,304,611,322,1,1,3,4,,0.481651376146789
